Date,14/03/16,13/06/16,19/09/16,19/12/16,13/03/17,19/06/17,18/09/17,18/12/17,19/03/18,18/06/18,17/09/18,17/12/18,18/03/19,17/06/19,16/09/19,16/12/19
19/01/2015,99.3650,99.2650,99.1550,99.0200,98.8700,98.7050,98.5300,98.3525,98.1700,97.9850,97.8100,97.6250,97.4700,97.3200,97.1800,97.0525
16/01/2015,99.3200,99.2150,99.1000,98.9600,98.8100,98.6400,98.4600,98.2875,98.1050,97.9200,97.7450,97.5600,97.4100,97.2600,97.1250,97.0025
15/01/2015,99.3300,99.2200,99.1000,98.9600,98.8050,98.6350,98.4550,98.2775,98.0950,97.9100,97.7350,97.5550,97.4050,97.2600,97.1300,97.0075
14/01/2015,99.3300,99.2250,99.1100,98.9750,98.8250,98.6550,98.4750,98.2975,98.1150,97.9300,97.7550,97.5750,97.4250,97.2800,97.1500,97.0275
13/01/2015,99.3100,99.2000,99.0800,98.9350,98.7750,98.6000,98.4150,98.2325,98.0450,97.8600,97.6800,97.5000,97.3500,97.2050,97.0750,96.9525
12/01/2015,99.3100,99.2000,99.0800,98.9350,98.7800,98.6050,98.4200,98.2375,98.0500,97.8650,97.6850,97.5000,97.3500,97.2050,97.0750,96.9525
09/01/2015,99.3350,99.2350,99.1250,98.9900,98.8450,98.6800,98.5100,98.3375,98.1550,97.9700,97.7950,97.6150,97.4650,97.3150,97.1800,97.0525
08/01/2015,99.3650,99.2700,99.1650,99.0350,98.8950,98.7400,98.5750,98.4075,98.2300,98.0500,97.8750,97.6950,97.5500,97.4000,97.2650,97.1375
07/01/2015,99.3800,99.2900,99.1900,99.0650,98.9300,98.7750,98.6150,98.4525,98.2800,98.1000,97.9300,97.7500,97.6050,97.4550,97.3200,97.1975
06/01/2015,99.3950,99.3100,99.2100,99.0900,98.9550,98.8000,98.6350,98.4725,98.2950,98.1150,97.9400,97.7600,97.6100,97.4600,97.3250,97.2025
05/01/2015,99.4000,99.3150,99.2150,99.0950,98.9600,98.8100,98.6450,98.4825,98.3050,98.1250,97.9500,97.7700,97.6250,97.4750,97.3400,97.2175
02/01/2015,99.3850,99.3000,99.2000,99.0750,98.9350,98.7800,98.6100,98.4425,98.2650,98.0850,97.9050,97.7250,97.5800,97.4350,97.3000,97.1775
01/01/2015,99.3800,99.2950,99.1950,99.0700,98.9300,98.7750,98.6050,98.4375,98.2600,98.0800,97.9050,97.7250,97.5800,97.4350,97.3050,97.1825
31/12/2014,99.3800,99.2950,99.2000,99.0800,98.9450,98.7900,98.6200,98.4525,98.2750,98.0950,97.9200,97.7400,97.5950,97.4500,97.3200,97.1975
30/12/2014,99.3650,99.2800,99.1800,99.0550,98.9200,98.7600,98.5900,98.4225,98.2450,98.0650,97.8900,97.7100,97.5700,97.4250,97.2950,97.1775
29/12/2014,99.3350,99.2400,99.1350,99.0050,98.8600,98.6950,98.5250,98.3525,98.1700,97.9900,97.8150,97.6350,97.4950,97.3500,97.2200,97.1025
26/12/2014,99.3150,99.2200,99.1150,98.9800,98.8350,98.6700,98.4950,98.3225,98.1400,97.9600,97.7900,97.6100,97.4700,97.3250,97.1950,97.0775
25/12/2014,99.2800,99.1800,99.0700,98.9300,98.7800,98.6100,98.4350,98.2625,98.0800,97.9000,97.7300,97.5550,97.4150,97.2750,97.1500,97.0325
24/12/2014,99.2800,99.1800,99.0650,98.9250,98.7750,98.6050,98.4250,98.2475,98.0650,97.8850,97.7150,97.5400,97.4000,97.2600,97.1400,97.0225
23/12/2014,99.2850,99.1850,99.0750,98.9400,98.7950,98.6300,98.4600,98.2875,98.1100,97.9300,97.7600,97.5850,97.4450,97.3050,97.1800,97.0625
22/12/2014,99.2950,99.2000,99.0900,98.9550,98.8050,98.6400,98.4700,98.3025,98.1250,97.9450,97.7750,97.6000,97.4600,97.3200,97.1950,97.0775
19/12/2014,99.2600,99.1600,99.0450,98.9050,98.7500,98.5800,98.4050,98.2325,98.0500,97.8700,97.7000,97.5250,97.3850,97.2500,97.1250,97.0075
18/12/2014,99.2850,99.1850,99.0750,98.9400,98.7900,98.6250,98.4500,98.2825,98.1050,97.9250,97.7600,97.5850,97.4500,97.3150,97.1900,97.0725
17/12/2014,99.3050,99.2100,99.1000,98.9700,98.8250,98.6650,98.5000,98.3375,98.1650,97.9900,97.8250,97.6550,97.5200,97.3850,97.2600,97.1375
16/12/2014,99.3100,99.2150,99.1050,98.9700,98.8250,98.6650,98.5000,98.3425,98.1750,98.0000,97.8350,97.6650,97.5300,97.3950,97.2700,97.1475
15/12/2014,99.3100,99.2100,99.1000,98.9700,98.8250,98.6700,98.5050,98.3475,98.1800,98.0100,97.8500,97.6800,97.5450,97.4100,97.2850,97.1625
12/12/2014,99.3000,99.2000,99.0850,98.9500,98.8000,98.6400,98.4750,98.3125,98.1400,97.9650,97.8000,97.6300,97.4950,97.3600,97.2350,97.1175
11/12/2014,99.2600,99.1550,99.0400,98.9000,98.7450,98.5800,98.4100,98.2425,98.0700,97.8900,97.7250,97.5550,97.4200,97.2850,97.1600,97.0425
10/12/2014,99.2900,99.1900,99.0750,98.9350,98.7850,98.6250,98.4550,98.2875,98.1100,97.9300,97.7650,97.5950,97.4600,97.3250,97.2000,97.0825
09/12/2014,99.2650,99.1600,99.0450,98.9050,98.7550,98.5900,98.4150,98.2425,98.0650,97.8800,97.7150,97.5400,97.4050,97.2700,97.1450,97.0275
08/12/2014,99.2550,99.1550,99.0400,98.9050,98.7550,98.5950,98.4250,98.2575,98.0850,97.9100,97.7500,97.5800,97.4500,97.3200,97.2000,97.0875
05/12/2014,99.2500,99.1450,99.0300,98.8900,98.7400,98.5750,98.4050,98.2375,98.0650,97.8900,97.7300,97.5600,97.4300,97.3000,97.1800,97.0675
04/12/2014,99.2400,99.1400,99.0300,98.8950,98.7500,98.5900,98.4200,98.2575,98.0900,97.9200,97.7600,97.5950,97.4650,97.3400,97.2250,97.1125
03/12/2014,99.2400,99.1450,99.0350,98.9050,98.7600,98.6050,98.4400,98.2775,98.1100,97.9400,97.7850,97.6250,97.5000,97.3700,97.2500,97.1375
02/12/2014,99.2700,99.1800,99.0750,98.9450,98.8050,98.6500,98.4900,98.3275,98.1600,97.9900,97.8350,97.6700,97.5400,97.4100,97.2900,97.1725
01/12/2014,99.3550,99.2650,99.1650,99.0450,98.9150,98.7700,98.6150,98.4575,98.2950,98.1300,97.9750,97.8100,97.6800,97.5550,97.4350,97.3175
28/11/2014,99.3650,99.2800,99.1800,99.0650,98.9350,98.7900,98.6350,98.4775,98.3150,98.1500,98.0000,97.8350,97.7050,97.5750,97.4550,97.3375
27/11/2014,99.3600,99.2750,99.1750,99.0600,98.9350,98.7900,98.6350,98.4825,98.3250,98.1650,98.0150,97.8550,97.7250,97.5950,97.4750,97.3525
26/11/2014,99.3400,99.2500,99.1500,99.0300,98.9050,98.7600,98.6100,98.4625,98.3100,98.1550,98.0050,97.8450,97.7150,97.5850,97.4650,97.3475
25/11/2014,99.3300,99.2400,99.1350,99.0100,98.8800,98.7350,98.5800,98.4275,98.2750,98.1150,97.9650,97.8050,97.6750,97.5450,97.4250,97.3075
24/11/2014,99.3900,99.3050,99.2050,99.0850,98.9550,98.8100,98.6600,98.5075,98.3550,98.1950,98.0400,97.8800,97.7550,97.6250,97.5000,97.3825
21/11/2014,99.3850,99.3000,99.2000,99.0750,98.9450,98.8000,98.6450,98.4925,98.3400,98.1800,98.0300,97.8700,97.7450,97.6200,97.5000,97.3825
20/11/2014,99.3550,99.2700,99.1700,99.0450,98.9100,98.7650,98.6150,98.4625,98.3100,98.1500,98.0000,97.8400,97.7150,97.5900,97.4700,97.3525
19/11/2014,99.3300,99.2400,99.1400,99.0200,98.8850,98.7400,98.5850,98.4325,98.2750,98.1100,97.9550,97.7950,97.6700,97.5450,97.4250,97.3075
18/11/2014,99.3350,99.2450,99.1400,99.0150,98.8850,98.7350,98.5800,98.4225,98.2600,98.0900,97.9350,97.7700,97.6400,97.5100,97.3900,97.2725
17/11/2014,99.3600,99.2750,99.1750,99.0600,98.9350,98.7900,98.6350,98.4825,98.3250,98.1600,98.0050,97.8400,97.7100,97.5850,97.4650,97.3475
14/11/2014,99.3450,99.2600,99.1600,99.0400,98.9150,98.7700,98.6150,98.4575,98.2950,98.1300,97.9750,97.8100,97.6800,97.5550,97.4350,97.3175
13/11/2014,99.3200,99.2300,99.1300,99.0050,98.8750,98.7250,98.5650,98.4025,98.2400,98.0700,97.9150,97.7500,97.6250,97.5000,97.3800,97.2625
12/11/2014,99.3100,99.2250,99.1250,99.0000,98.8650,98.7150,98.5550,98.3875,98.2200,98.0500,97.8950,97.7300,97.6050,97.4800,97.3600,97.2425
11/11/2014,99.3100,99.2250,99.1300,99.0100,98.8800,98.7350,98.5800,98.4175,98.2500,98.0800,97.9250,97.7600,97.6350,97.5100,97.3900,97.2725
10/11/2014,99.3550,99.2800,99.1900,99.0750,98.9450,98.8000,98.6450,98.4825,98.3200,98.1500,97.9950,97.8300,97.7050,97.5800,97.4600,97.3375
07/11/2014,99.3800,99.3100,99.2250,99.1150,98.9900,98.8500,98.7000,98.5475,98.3900,98.2300,98.0800,97.9200,97.7950,97.6750,97.5600,97.4425
06/11/2014,99.3750,99.3050,99.2250,99.1150,98.9950,98.8550,98.7050,98.5525,98.4000,98.2400,98.0900,97.9350,97.8150,97.7000,97.5900,97.4825
05/11/2014,99.3700,99.3000,99.2200,99.1150,98.9950,98.8550,98.7050,98.5525,98.3950,98.2350,98.0850,97.9300,97.8100,97.6950,97.5850,97.4775
04/11/2014,99.3400,99.2650,99.1800,99.0700,98.9500,98.8050,98.6500,98.4925,98.3350,98.1700,98.0200,97.8650,97.7450,97.6300,97.5200,97.4125
03/11/2014,99.3400,99.2650,99.1750,99.0650,98.9400,98.7950,98.6400,98.4825,98.3250,98.1600,98.0100,97.8500,97.7300,97.6150,97.5050,97.3975
31/10/2014,99.3550,99.2800,99.1950,99.0850,98.9650,98.8200,98.6650,98.5075,98.3500,98.1850,98.0350,97.8750,97.7550,97.6400,97.5300,97.4225
30/10/2014,99.3400,99.2600,99.1700,99.0550,98.9300,98.7850,98.6300,98.4725,98.3150,98.1500,98.0000,97.8400,97.7150,97.5950,97.4850,97.3775
29/10/2014,99.3450,99.2650,99.1700,99.0550,98.9250,98.7800,98.6250,98.4675,98.3100,98.1450,97.9900,97.8300,97.7000,97.5800,97.4650,97.3575
28/10/2014,99.3350,99.2550,99.1600,99.0400,98.9100,98.7600,98.6000,98.4425,98.2800,98.1150,97.9600,97.8000,97.6700,97.5450,97.4300,97.3225
27/10/2014,99.3650,99.2850,99.1950,99.0750,98.9500,98.8050,98.6500,98.4975,98.3400,98.1800,98.0250,97.8650,97.7400,97.6150,97.5000,97.3925
24/10/2014,99.4000,99.3250,99.2350,99.1150,98.9900,98.8500,98.7000,98.5525,98.4000,98.2450,98.0950,97.9350,97.8100,97.6850,97.5700,97.4625
23/10/2014,99.4000,99.3250,99.2350,99.1200,98.9950,98.8550,98.7050,98.5575,98.4050,98.2500,98.1000,97.9350,97.8050,97.6750,97.5450,97.4275
22/10/2014,99.4300,99.3600,99.2750,99.1600,99.0400,98.9000,98.7500,98.6025,98.4500,98.2950,98.1450,97.9800,97.8500,97.7200,97.5950,97.4775
21/10/2014,99.4550,99.3950,99.3150,99.2050,99.0900,98.9550,98.8100,98.6625,98.5150,98.3600,98.2100,98.0500,97.9250,97.8000,97.6750,97.5625
20/10/2014,99.4650,99.4050,99.3250,99.2200,99.1050,98.9750,98.8350,98.6875,98.5450,98.3950,98.2500,98.0950,97.9700,97.8450,97.7250,97.6125
17/10/2014,99.4600,99.3950,99.3150,99.2100,99.0950,98.9650,98.8250,98.6775,98.5350,98.3850,98.2450,98.0900,97.9650,97.8400,97.7200,97.6075
16/10/2014,99.4650,99.4050,99.3250,99.2200,99.1100,98.9800,98.8450,98.7025,98.5600,98.4150,98.2750,98.1250,98.0000,97.8800,97.7650,97.6575
15/10/2014,99.4600,99.3950,99.3150,99.2050,99.0950,98.9650,98.8250,98.6825,98.5400,98.3950,98.2550,98.1050,97.9800,97.8600,97.7450,97.6325
14/10/2014,99.4450,99.3800,99.3000,99.1900,99.0750,98.9450,98.8050,98.6625,98.5200,98.3700,98.2300,98.0800,97.9550,97.8300,97.7150,97.6025
13/10/2014,99.4400,99.3750,99.2950,99.1850,99.0700,98.9400,98.8000,98.6575,98.5150,98.3650,98.2200,98.0650,97.9400,97.8150,97.7000,97.5875
10/10/2014,99.4500,99.3850,99.3050,99.2000,99.0900,98.9600,98.8250,98.6825,98.5400,98.3950,98.2550,98.1000,97.9750,97.8500,97.7350,97.6225
09/10/2014,99.4350,99.3700,99.2900,99.1850,99.0750,98.9450,98.8100,98.6675,98.5300,98.3850,98.2450,98.0950,97.9750,97.8550,97.7400,97.6325
08/10/2014,99.4250,99.3600,99.2750,99.1650,99.0550,98.9300,98.7950,98.6525,98.5150,98.3700,98.2300,98.0800,97.9600,97.8400,97.7300,97.6225
07/10/2014,99.4000,99.3350,99.2500,99.1400,99.0300,98.9000,98.7650,98.6225,98.4800,98.3350,98.1950,98.0450,97.9250,97.8050,97.6950,97.5875
06/10/2014,99.3800,99.3100,99.2250,99.1150,99.0000,98.8700,98.7350,98.5925,98.4500,98.3050,98.1650,98.0150,97.8950,97.7750,97.6650,97.5575
03/10/2014,99.3750,99.3000,99.2100,99.0950,98.9750,98.8400,98.7000,98.5575,98.4150,98.2700,98.1350,97.9850,97.8650,97.7450,97.6350,97.5275
02/10/2014,99.3800,99.3050,99.2150,99.1000,98.9800,98.8450,98.7050,98.5575,98.4150,98.2700,98.1350,97.9850,97.8650,97.7450,97.6350,97.5275
01/10/2014,99.4050,99.3300,99.2400,99.1250,99.0050,98.8700,98.7300,98.5875,98.4450,98.3050,98.1700,98.0250,97.9100,97.7950,97.6850,97.5825
30/09/2014,99.4150,99.3450,99.2550,99.1450,99.0250,98.8950,98.7550,98.6125,98.4750,98.3350,98.2000,98.0550,97.9400,97.8250,97.7150,97.6125
29/09/2014,99.4300,99.3600,99.2750,99.1650,99.0550,98.9250,98.7900,98.6525,98.5150,98.3800,98.2500,98.1100,98.0000,97.8850,97.7750,97.6725
26/09/2014,99.4200,99.3500,99.2650,99.1550,99.0400,98.9100,98.7750,98.6325,98.4950,98.3550,98.2250,98.0850,97.9750,97.8600,97.7500,97.6475
25/09/2014,99.4250,99.3550,99.2700,99.1600,99.0450,98.9150,98.7800,98.6425,98.5050,98.3650,98.2350,98.0950,97.9800,97.8650,97.7550,97.6525
24/09/2014,99.4250,99.3550,99.2700,99.1600,99.0450,98.9150,98.7800,98.6425,98.5050,98.3650,98.2350,98.0950,97.9850,97.8700,97.7650,97.6625
23/09/2014,99.4100,99.3400,99.2550,99.1450,99.0300,98.9000,98.7650,98.6275,98.4900,98.3450,98.2150,98.0700,97.9600,97.8450,97.7350,97.6325
22/09/2014,99.4100,99.3400,99.2550,99.1400,99.0250,98.8950,98.7600,98.6225,98.4850,98.3450,98.2100,98.0650,97.9550,97.8400,97.7300,97.6275
19/09/2014,99.4250,99.3550,99.2700,99.1600,99.0450,98.9150,98.7800,98.6375,98.5000,98.3600,98.2250,98.0800,97.9650,97.8450,97.7350,97.6325
18/09/2014,99.4100,99.3350,99.2450,99.1300,99.0100,98.8800,98.7400,98.5975,98.4600,98.3200,98.1850,98.0400,97.9250,97.8050,97.6950,97.5875
17/09/2014,99.3150,99.2300,99.1300,99.0050,98.8800,98.7450,98.6050,98.4625,98.3200,98.1800,98.0450,97.9000,97.7800,97.6600,97.5450,97.4375
16/09/2014,99.3800,99.3000,99.2050,99.0800,98.9550,98.8200,98.6800,98.5375,98.3950,98.2550,98.1200,97.9750,97.8550,97.7350,97.6200,97.5125
15/09/2014,99.3500,99.2700,99.1700,99.0400,98.9100,98.7700,98.6250,98.4775,98.3350,98.1950,98.0600,97.9100,97.7900,97.6650,97.5500,97.4425
12/09/2014,99.3500,99.2700,99.1650,99.0350,98.9050,98.7600,98.6150,98.4675,98.3250,98.1850,98.0500,97.9000,97.7800,97.6600,97.5500,97.4425
11/09/2014,99.3450,99.2650,99.1650,99.0400,98.9150,98.7750,98.6300,98.4875,98.3500,98.2100,98.0800,97.9350,97.8200,97.7050,97.5950,97.4925
10/09/2014,99.3000,99.2150,99.1100,98.9850,98.8600,98.7200,98.5750,98.4325,98.2950,98.1600,98.0300,97.8900,97.7750,97.6600,97.5550,97.4525
09/09/2014,99.3250,99.2400,99.1400,99.0150,98.8900,98.7500,98.6050,98.4625,98.3250,98.1850,98.0500,97.9100,97.7950,97.6800,97.5750,97.4725
08/09/2014,99.3000,99.2150,99.1100,98.9800,98.8500,98.7100,98.5600,98.4125,98.2700,98.1250,97.9900,97.8450,97.7300,97.6150,97.5100,97.4075
05/09/2014,99.2450,99.1500,99.0400,98.9050,98.7700,98.6200,98.4700,98.3175,98.1750,98.0300,97.8950,97.7500,97.6350,97.5200,97.4150,97.3125
04/09/2014,99.3150,99.2250,99.1200,98.9850,98.8500,98.7000,98.5500,98.3975,98.2500,98.1050,97.9650,97.8200,97.7000,97.5800,97.4700,97.3625
03/09/2014,99.2900,99.2000,99.0950,98.9650,98.8350,98.6900,98.5450,98.3975,98.2550,98.1150,97.9800,97.8350,97.7200,97.6050,97.4950,97.3925
02/09/2014,99.2650,99.1750,99.0700,98.9400,98.8050,98.6600,98.5150,98.3675,98.2250,98.0850,97.9500,97.8100,97.6950,97.5800,97.4750,97.3725
29/08/2014,99.3000,99.2150,99.1100,98.9800,98.8500,98.7050,98.5550,98.4075,98.2650,98.1250,97.9900,97.8500,97.7350,97.6200,97.5150,97.4125
28/08/2014,99.2800,99.1900,99.0800,98.9450,98.8100,98.6600,98.5050,98.3525,98.2050,98.0600,97.9250,97.7800,97.6650,97.5500,97.4450,97.3425
27/08/2014,99.2750,99.1800,99.0700,98.9350,98.8000,98.6550,98.5000,98.3425,98.1900,98.0450,97.9100,97.7650,97.6500,97.5350,97.4300,97.3275
26/08/2014,99.3600,99.2800,99.1750,99.0450,98.9150,98.7700,98.6200,98.4675,98.3150,98.1700,98.0350,97.8900,97.7750,97.6600,97.5550,97.4525
25/08/2014,99.3750,99.2950,99.1950,99.0700,98.9450,98.8000,98.6500,98.4925,98.3400,98.1900,98.0550,97.9150,97.8050,97.6950,97.5900,97.4875
22/08/2014,99.3750,99.3000,99.2000,99.0800,98.9550,98.8100,98.6600,98.5075,98.3550,98.2100,98.0750,97.9350,97.8250,97.7150,97.6100,97.5075
21/08/2014,99.3800,99.3050,99.2100,99.0900,98.9650,98.8200,98.6700,98.5175,98.3650,98.2150,98.0750,97.9300,97.8150,97.7000,97.5900,97.4875
20/08/2014,99.3800,99.3050,99.2100,99.0900,98.9600,98.8150,98.6650,98.5075,98.3500,98.1950,98.0550,97.9050,97.7800,97.6600,97.5450,97.4375
19/08/2014,99.3850,99.3100,99.2150,99.0950,98.9650,98.8200,98.6650,98.5025,98.3400,98.1800,98.0350,97.8800,97.7550,97.6300,97.5150,97.4075
18/08/2014,99.4050,99.3350,99.2400,99.1250,98.9950,98.8500,98.6950,98.5325,98.3700,98.2050,98.0600,97.9000,97.7700,97.6450,97.5250,97.4125
15/08/2014,99.3800,99.3050,99.2100,99.0900,98.9600,98.8100,98.6500,98.4875,98.3200,98.1550,98.0050,97.8450,97.7150,97.5900,97.4700,97.3575
14/08/2014,99.4200,99.3500,99.2600,99.1450,99.0200,98.8750,98.7200,98.5625,98.4000,98.2400,98.0900,97.9350,97.8050,97.6800,97.5600,97.4475
13/08/2014,99.4400,99.3700,99.2800,99.1650,99.0450,98.9050,98.7550,98.6025,98.4500,98.2950,98.1550,98.0050,97.8800,97.7550,97.6400,97.5325
12/08/2014,99.4200,99.3500,99.2600,99.1450,99.0200,98.8750,98.7250,98.5725,98.4200,98.2650,98.1250,97.9750,97.8550,97.7350,97.6200,97.5125
11/08/2014,99.4200,99.3500,99.2550,99.1350,99.0100,98.8650,98.7100,98.5525,98.3950,98.2400,98.1000,97.9500,97.8300,97.7100,97.5950,97.4875
08/08/2014,99.4000,99.3250,99.2300,99.1050,98.9800,98.8350,98.6800,98.5275,98.3750,98.2200,98.0800,97.9300,97.8100,97.6900,97.5800,97.4725
07/08/2014,99.3900,99.3200,99.2300,99.1100,98.9900,98.8500,98.7050,98.5575,98.4050,98.2500,98.1100,97.9600,97.8400,97.7200,97.6100,97.5075
06/08/2014,99.3900,99.3250,99.2350,99.1200,99.0050,98.8700,98.7250,98.5775,98.4300,98.2800,98.1450,97.9950,97.8800,97.7650,97.6600,97.5575
05/08/2014,99.3800,99.3050,99.2100,99.0850,98.9600,98.8150,98.6600,98.5075,98.3500,98.1950,98.0550,97.9050,97.7850,97.6700,97.5650,97.4625
04/08/2014,99.3900,99.3200,99.2200,99.0900,98.9550,98.8050,98.6450,98.4825,98.3200,98.1650,98.0200,97.8700,97.7500,97.6300,97.5200,97.4175
01/08/2014,99.3800,99.3050,99.2000,99.0650,98.9300,98.7800,98.6200,98.4575,98.2950,98.1350,97.9850,97.8300,97.7100,97.5900,97.4750,97.3675
31/07/2014,99.3700,99.2900,99.1800,99.0450,98.9100,98.7550,98.5900,98.4275,98.2650,98.1050,97.9600,97.8100,97.6900,97.5700,97.4600,97.3525
30/07/2014,99.3700,99.2850,99.1700,99.0300,98.8850,98.7200,98.5500,98.3825,98.2150,98.0500,97.8950,97.7400,97.6200,97.5050,97.3950,97.2875
29/07/2014,99.3600,99.2700,99.1550,99.0050,98.8550,98.6850,98.5100,98.3325,98.1600,97.9950,97.8400,97.6850,97.5650,97.4450,97.3350,97.2275
28/07/2014,99.3400,99.2450,99.1250,98.9700,98.8200,98.6550,98.4800,98.3025,98.1300,97.9600,97.8050,97.6450,97.5200,97.3950,97.2800,97.1725
25/07/2014,99.3400,99.2450,99.1250,98.9750,98.8300,98.6650,98.4900,98.3125,98.1350,97.9650,97.8050,97.6400,97.5100,97.3800,97.2600,97.1475
24/07/2014,99.3900,99.3050,99.1950,99.0550,98.9150,98.7550,98.5850,98.4125,98.2350,98.0650,97.9050,97.7400,97.6100,97.4800,97.3650,97.2525
23/07/2014,99.3350,99.2500,99.1350,98.9850,98.8400,98.6750,98.5100,98.3375,98.1650,97.9950,97.8400,97.6800,97.5550,97.4300,97.3150,97.2075
22/07/2014,99.3600,99.2800,99.1700,99.0300,98.8900,98.7350,98.5750,98.4075,98.2400,98.0750,97.9200,97.7600,97.6300,97.5050,97.3900,97.2825
21/07/2014,99.3650,99.2850,99.1750,99.0350,98.9000,98.7500,98.5950,98.4325,98.2650,98.1000,97.9450,97.7850,97.6550,97.5300,97.4150,97.3075
18/07/2014,99.3650,99.2850,99.1750,99.0350,98.9000,98.7550,98.6050,98.4425,98.2800,98.1200,97.9650,97.8050,97.6800,97.5550,97.4400,97.3325
17/07/2014,99.3200,99.2300,99.1150,98.9750,98.8400,98.6900,98.5350,98.3775,98.2250,98.0700,97.9250,97.7750,97.6600,97.5450,97.4400,97.3425
16/07/2014,99.3800,99.3000,99.1950,99.0600,98.9250,98.7800,98.6300,98.4725,98.3200,98.1650,98.0250,97.8800,97.7700,97.6600,97.5550,97.4575
15/07/2014,99.3800,99.3000,99.1900,99.0550,98.9200,98.7750,98.6250,98.4675,98.3150,98.1600,98.0200,97.8750,97.7650,97.6550,97.5500,97.4525
14/07/2014,99.3850,99.3100,99.2050,99.0700,98.9400,98.7950,98.6500,98.4975,98.3450,98.1950,98.0550,97.9100,97.8000,97.6900,97.5850,97.4875
11/07/2014,99.3150,99.2300,99.1150,98.9750,98.8400,98.7000,98.5550,98.4025,98.2550,98.1050,97.9700,97.8300,97.7250,97.6200,97.5250,97.4325
10/07/2014,99.2800,99.1900,99.0750,98.9350,98.8000,98.6600,98.5150,98.3625,98.2150,98.0650,97.9300,97.7900,97.6850,97.5800,97.4850,97.3925
09/07/2014,99.2950,99.2100,99.1000,98.9600,98.8300,98.6900,98.5450,98.3925,98.2450,98.0950,97.9600,97.8200,97.7150,97.6100,97.5150,97.4225
08/07/2014,99.2800,99.1900,99.0750,98.9350,98.8000,98.6550,98.5050,98.3525,98.2050,98.0550,97.9200,97.7800,97.6750,97.5700,97.4700,97.3775
07/07/2014,99.2500,99.1550,99.0350,98.8900,98.7550,98.6100,98.4600,98.3075,98.1600,98.0150,97.8800,97.7400,97.6350,97.5300,97.4300,97.3375
03/07/2014,99.2600,99.1650,99.0450,98.9000,98.7650,98.6200,98.4750,98.3225,98.1750,98.0300,97.8950,97.7600,97.6550,97.5500,97.4550,97.3625
02/07/2014,99.2100,99.1150,98.9950,98.8450,98.7050,98.5550,98.4050,98.2525,98.1050,97.9550,97.8200,97.6800,97.5800,97.4750,97.3750,97.2825
01/07/2014,99.1250,99.0200,98.8900,98.7300,98.5850,98.4300,98.2750,98.1225,97.9750,97.8250,97.6900,97.5500,97.4500,97.3450,97.2450,97.1525
30/06/2014,99.1200,99.0150,98.8850,98.7250,98.5800,98.4300,98.2750,98.1225,97.9750,97.8300,97.6950,97.5600,97.4600,97.3550,97.2600,97.1675
27/06/2014,99.1000,98.9950,98.8650,98.7100,98.5650,98.4100,98.2550,98.1025,97.9550,97.8050,97.6700,97.5350,97.4350,97.3300,97.2350,97.1475
26/06/2014,99.0800,98.9700,98.8350,98.6750,98.5250,98.3700,98.2150,98.0575,97.9050,97.7550,97.6200,97.4850,97.3850,97.2800,97.1900,97.1025
25/06/2014,99.1250,99.0200,98.8850,98.7250,98.5750,98.4200,98.2600,98.1025,97.9500,97.8000,97.6650,97.5300,97.4300,97.3300,97.2400,97.1525
24/06/2014,99.1850,99.0850,98.9600,98.8100,98.6700,98.5250,98.3750,98.2225,98.0750,97.9300,97.8000,97.6700,97.5750,97.4750,97.3800,97.2925
23/06/2014,99.2250,99.1300,99.0100,98.8650,98.7300,98.5850,98.4350,98.2875,98.1450,98.0050,97.8800,97.7500,97.6550,97.5600,97.4700,97.3875
20/06/2014,99.2200,99.1250,99.0000,98.8500,98.7150,98.5700,98.4200,98.2725,98.1300,97.9900,97.8650,97.7350,97.6400,97.5450,97.4550,97.3725
19/06/2014,99.1950,99.0950,98.9700,98.8200,98.6800,98.5350,98.3850,98.2375,98.0950,97.9550,97.8250,97.6950,97.6000,97.5050,97.4150,97.3325
18/06/2014,99.2000,99.0950,98.9650,98.8150,98.6800,98.5350,98.3900,98.2425,98.1050,97.9700,97.8450,97.7150,97.6200,97.5250,97.4400,97.3575
17/06/2014,99.2100,99.1000,98.9700,98.8200,98.6850,98.5450,98.4000,98.2525,98.1150,97.9800,97.8550,97.7250,97.6300,97.5350,97.4500,97.3675
16/06/2014,99.2750,99.1700,99.0450,98.9000,98.7700,98.6300,98.4900,98.3475,98.2100,98.0750,97.9550,97.8300,97.7400,97.6450,97.5600,97.4775
13/06/2014,99.2300,99.1200,98.9900,98.8400,98.7050,98.5650,98.4250,98.2825,98.1450,98.0100,97.8900,97.7700,97.6800,97.5900,97.5050,97.4275
12/06/2014,99.2900,99.1950,99.0750,98.9400,98.8150,98.6850,98.5500,98.4075,98.2700,98.1400,98.0200,97.8950,97.8050,97.7100,97.6250,97.5425
11/06/2014,99.2850,99.1850,99.0650,98.9200,98.7900,98.6550,98.5150,98.3675,98.2250,98.0900,97.9700,97.8450,97.7550,97.6600,97.5750,97.4925
10/06/2014,99.3300,99.2400,99.1250,98.9900,98.8650,98.7300,98.5850,98.4375,98.2900,98.1500,98.0300,97.9050,97.8100,97.7150,97.6300,97.5475
09/06/2014,99.3150,99.2200,99.1050,98.9700,98.8450,98.7100,98.5700,98.4225,98.2800,98.1450,98.0250,97.8950,97.8000,97.7050,97.6200,97.5375
06/06/2014,99.2600,99.1600,99.0400,98.9050,98.7800,98.6450,98.5050,98.3575,98.2200,98.0850,97.9650,97.8350,97.7400,97.6450,97.5550,97.4725
05/06/2014,99.3250,99.2350,99.1250,99.0000,98.8850,98.7600,98.6300,98.4925,98.3650,98.2350,98.1150,97.9900,97.8950,97.8000,97.7150,97.6325
04/06/2014,99.3300,99.2400,99.1350,99.0100,98.9000,98.7750,98.6450,98.5125,98.3850,98.2600,98.1450,98.0200,97.9250,97.8300,97.7450,97.6625
03/06/2014,99.3200,99.2300,99.1250,99.0050,98.8950,98.7750,98.6500,98.5225,98.4000,98.2750,98.1600,98.0350,97.9400,97.8450,97.7600,97.6775
02/06/2014,99.3050,99.2100,99.1000,98.9800,98.8700,98.7450,98.6150,98.4825,98.3600,98.2350,98.1150,97.9900,97.8950,97.8000,97.7150,97.6275
30/05/2014,99.2900,99.1900,99.0750,98.9500,98.8350,98.7100,98.5800,98.4425,98.3150,98.1900,98.0700,97.9450,97.8500,97.7550,97.6650,97.5825
29/05/2014,99.2650,99.1600,99.0400,98.9050,98.7850,98.6550,98.5200,98.3825,98.2500,98.1200,98.0000,97.8700,97.7750,97.6800,97.5900,97.5025
28/05/2014,99.2700,99.1750,99.0550,98.9250,98.8100,98.6850,98.5550,98.4175,98.2850,98.1550,98.0350,97.9100,97.8200,97.7250,97.6350,97.5525
27/05/2014,99.2300,99.1300,99.0150,98.8900,98.7750,98.6500,98.5200,98.3825,98.2500,98.1200,98.0050,97.8800,97.7900,97.6950,97.6050,97.5175
23/05/2014,99.2500,99.1550,99.0500,98.9250,98.8150,98.6900,98.5600,98.4275,98.3000,98.1750,98.0600,97.9400,97.8500,97.7550,97.6650,97.5825
22/05/2014,99.2100,99.1150,99.0050,98.8800,98.7700,98.6450,98.5150,98.3825,98.2550,98.1300,98.0100,97.8950,97.8050,97.7150,97.6300,97.5525
21/05/2014,99.2400,99.1450,99.0350,98.9100,98.8000,98.6750,98.5450,98.4125,98.2850,98.1600,98.0450,97.9200,97.8300,97.7350,97.6500,97.5725
20/05/2014,99.2250,99.1350,99.0250,98.9000,98.7850,98.6600,98.5300,98.3925,98.2650,98.1400,98.0200,97.8950,97.8000,97.7050,97.6200,97.5375
19/05/2014,99.2200,99.1300,99.0250,98.9000,98.7850,98.6600,98.5300,98.3975,98.2700,98.1400,98.0200,97.8950,97.8050,97.7100,97.6250,97.5425
16/05/2014,99.2150,99.1200,99.0100,98.8800,98.7650,98.6350,98.5000,98.3625,98.2350,98.1050,97.9850,97.8600,97.7700,97.6800,97.5950,97.5125
15/05/2014,99.1900,99.0900,98.9700,98.8350,98.7150,98.5800,98.4450,98.3075,98.1750,98.0450,97.9300,97.8050,97.7150,97.6200,97.5350,97.4525
14/05/2014,99.1550,99.0500,98.9300,98.7900,98.6650,98.5250,98.3850,98.2425,98.1100,97.9800,97.8600,97.7350,97.6400,97.5450,97.4600,97.3775
13/05/2014,99.1400,99.0350,98.9100,98.7700,98.6450,98.5050,98.3650,98.2225,98.0900,97.9600,97.8400,97.7150,97.6200,97.5250,97.4400,97.3575
12/05/2014,99.1500,99.0450,98.9250,98.7900,98.6700,98.5350,98.4000,98.2625,98.1350,98.0100,97.8950,97.7700,97.6800,97.5850,97.5000,97.4225
09/05/2014,99.1050,98.9950,98.8700,98.7250,98.5950,98.4550,98.3150,98.1725,98.0400,97.9150,97.8000,97.6800,97.5950,97.5050,97.4250,97.3475
08/05/2014,99.1250,99.0200,98.9000,98.7650,98.6450,98.5100,98.3750,98.2375,98.1100,97.9900,97.8800,97.7650,97.6800,97.5950,97.5150,97.4425
07/05/2014,99.0700,98.9600,98.8350,98.6950,98.5700,98.4400,98.3050,98.1675,98.0400,97.9200,97.8100,97.6950,97.6150,97.5300,97.4500,97.3775
06/05/2014,99.0700,98.9550,98.8250,98.6850,98.5650,98.4350,98.3000,98.1675,98.0450,97.9250,97.8150,97.7000,97.6200,97.5350,97.4550,97.3825
05/05/2014,99.0650,98.9500,98.8250,98.6850,98.5650,98.4350,98.3050,98.1725,98.0500,97.9300,97.8200,97.7050,97.6250,97.5400,97.4650,97.3925
02/05/2014,99.0250,98.9050,98.7700,98.6250,98.4950,98.3600,98.2250,98.0875,97.9600,97.8350,97.7250,97.6100,97.5300,97.4500,97.3750,97.3025
01/05/2014,99.0500,98.9350,98.8050,98.6650,98.5400,98.4050,98.2700,98.1325,98.0050,97.8850,97.7750,97.6600,97.5800,97.5000,97.4300,97.3625
30/04/2014,99.0600,98.9400,98.8050,98.6600,98.5300,98.3900,98.2450,98.1025,97.9700,97.8450,97.7350,97.6150,97.5350,97.4500,97.3750,97.3025
29/04/2014,99.0950,98.9750,98.8400,98.6900,98.5600,98.4200,98.2800,98.1375,98.0100,97.8850,97.7700,97.6500,97.5700,97.4850,97.4100,97.3375
28/04/2014,99.1050,98.9850,98.8500,98.7050,98.5750,98.4350,98.2950,98.1525,98.0250,97.9000,97.7900,97.6750,97.5950,97.5100,97.4350,97.3625
25/04/2014,99.0950,98.9800,98.8550,98.7150,98.5950,98.4600,98.3250,98.1875,98.0650,97.9450,97.8350,97.7200,97.6400,97.5500,97.4700,97.3925
24/04/2014,99.0350,98.9200,98.7950,98.6600,98.5400,98.4050,98.2700,98.1375,98.0200,97.9050,97.7950,97.6800,97.6000,97.5150,97.4350,97.3575
23/04/2014,99.0400,98.9250,98.8000,98.6600,98.5400,98.4050,98.2700,98.1375,98.0150,97.9000,97.7900,97.6750,97.5950,97.5100,97.4300,97.3525
22/04/2014,98.9900,98.8650,98.7350,98.5900,98.4650,98.3300,98.1950,98.0575,97.9350,97.8200,97.7100,97.5950,97.5100,97.4200,97.3400,97.2625
21/04/2014,99.0350,98.9150,98.7850,98.6450,98.5200,98.3850,98.2500,98.1175,97.9950,97.8800,97.7700,97.6500,97.5650,97.4750,97.3900,97.3125
17/04/2014,99.0150,98.8900,98.7550,98.6050,98.4800,98.3400,98.2050,98.0675,97.9450,97.8250,97.7150,97.5950,97.5100,97.4200,97.3400,97.2625
16/04/2014,99.0050,98.8750,98.7400,98.5900,98.4600,98.3200,98.1850,98.0475,97.9250,97.8050,97.6950,97.5750,97.4900,97.4000,97.3200,97.2425
15/04/2014,98.9800,98.8550,98.7200,98.5700,98.4400,98.3050,98.1700,98.0325,97.9150,97.8000,97.6950,97.5800,97.5000,97.4150,97.3400,97.2675
14/04/2014,99.0350,98.9150,98.7850,98.6450,98.5250,98.3900,98.2600,98.1275,98.0100,97.9000,97.8000,97.6900,97.6150,97.5350,97.4650,97.3975
11/04/2014,99.0100,98.8950,98.7700,98.6350,98.5150,98.3850,98.2550,98.1225,98.0100,97.9050,97.8050,97.7000,97.6250,97.5500,97.4800,97.4175
10/04/2014,99.0600,98.9550,98.8350,98.7050,98.5900,98.4600,98.3300,98.1975,98.0850,97.9750,97.8750,97.7650,97.6900,97.6050,97.5300,97.4675
09/04/2014,99.0000,98.8850,98.7600,98.6200,98.4950,98.3600,98.2250,98.0875,97.9650,97.8500,97.7450,97.6300,97.5500,97.4700,97.3950,97.3275
08/04/2014,98.9650,98.8400,98.7100,98.5650,98.4400,98.3050,98.1700,98.0325,97.9100,97.7950,97.6900,97.5750,97.4950,97.4100,97.3350,97.2675
07/04/2014,98.8900,98.7550,98.6150,98.4650,98.3350,98.2000,98.0650,97.9325,97.8100,97.6950,97.5850,97.4700,97.3850,97.3000,97.2250,97.1575
04/04/2014,98.8850,98.7500,98.6100,98.4600,98.3300,98.1900,98.0550,97.9175,97.7950,97.6750,97.5600,97.4400,97.3550,97.2700,97.1950,97.1275
03/04/2014,98.8750,98.7350,98.5900,98.4350,98.3000,98.1550,98.0150,97.8775,97.7550,97.6350,97.5200,97.4000,97.3150,97.2300,97.1550,97.0875
02/04/2014,98.9000,98.7700,98.6300,98.4800,98.3500,98.2100,98.0700,97.9325,97.8150,97.7000,97.5900,97.4750,97.3900,97.3050,97.2300,97.1625
01/04/2014,98.8700,98.7350,98.5950,98.4450,98.3100,98.1650,98.0250,97.8875,97.7650,97.6450,97.5350,97.4150,97.3300,97.2400,97.1600,97.0925
31/03/2014,98.8900,98.7600,98.6250,98.4850,98.3600,98.2200,98.0850,97.9475,97.8300,97.7150,97.6100,97.4950,97.4150,97.3350,97.2650,97.1975
28/03/2014,98.8900,98.7650,98.6400,98.5050,98.3800,98.2450,98.1100,97.9775,97.8600,97.7450,97.6400,97.5250,97.4450,97.3650,97.2950,97.2325
27/03/2014,98.8950,98.7700,98.6400,98.5000,98.3750,98.2350,98.1000,97.9625,97.8400,97.7250,97.6150,97.5000,97.4150,97.3300,97.2550,97.1925
26/03/2014,98.8800,98.7400,98.5950,98.4450,98.3100,98.1650,98.0200,97.8775,97.7500,97.6300,97.5150,97.3900,97.3000,97.2100,97.1300,97.0625
25/03/2014,98.8550,98.7200,98.5800,98.4300,98.2950,98.1500,98.0050,97.8575,97.7300,97.6050,97.4850,97.3600,97.2650,97.1750,97.0950,97.0225
24/03/2014,98.8850,98.7450,98.6000,98.4450,98.3050,98.1500,98.0000,97.8475,97.7150,97.5850,97.4600,97.3300,97.2350,97.1450,97.0650,96.9925
21/03/2014,98.8650,98.7150,98.5550,98.3900,98.2450,98.0900,97.9350,97.7825,97.6450,97.5150,97.3900,97.2600,97.1650,97.0700,96.9900,96.9175
20/03/2014,98.8450,98.6850,98.5250,98.3600,98.2150,98.0550,97.9000,97.7425,97.6050,97.4700,97.3450,97.2100,97.1150,97.0200,96.9350,96.8575
19/03/2014,98.8650,98.7050,98.5450,98.3800,98.2350,98.0750,97.9200,97.7625,97.6250,97.4900,97.3650,97.2300,97.1350,97.0400,96.9550,96.8775
18/03/2014,98.8650,98.7050,98.5450,98.3800,98.2350,98.0800,97.9250,97.7625,97.6250,97.4900,97.3650,97.2300,97.1350,97.0400,96.9600,96.8875
17/03/2014,98.8500,98.6900,98.5300,98.3650,98.2200,98.0600,97.9050,97.7425,97.6000,97.4650,97.3350,97.2000,97.1000,97.0000,96.9150,96.8375
14/03/2014,98.8350,98.6750,98.5150,98.3500,98.2050,98.0450,97.8900,97.7325,97.5900,97.4550,97.3250,97.1900,97.0950,96.9950,96.9100,96.8325
13/03/2014,98.7950,98.6250,98.4600,98.2900,98.1450,97.9850,97.8300,97.6725,97.5300,97.3950,97.2650,97.1350,97.0400,96.9450,96.8650,96.7875
12/03/2014,98.7950,98.6250,98.4600,98.2900,98.1450,97.9850,97.8300,97.6675,97.5250,97.3900,97.2600,97.1300,97.0350,96.9400,96.8550,96.7775
11/03/2014,98.7750,98.6050,98.4350,98.2650,98.1150,97.9500,97.7900,97.6275,97.4850,97.3500,97.2200,97.0900,96.9950,96.9000,96.8200,96.7425
10/03/2014,98.7950,98.6250,98.4600,98.2900,98.1450,97.9850,97.8250,97.6675,97.5300,97.3950,97.2700,97.1400,97.0450,96.9550,96.8750,96.7975
07/03/2014,98.7750,98.6050,98.4400,98.2700,98.1250,97.9650,97.8050,97.6475,97.5100,97.3750,97.2500,97.1200,97.0250,96.9350,96.8550,96.7775
06/03/2014,98.7550,98.5850,98.4150,98.2450,98.0950,97.9300,97.7700,97.6075,97.4650,97.3300,97.2000,97.0700,96.9750,96.8800,96.8000,96.7225
05/03/2014,98.7350,98.5550,98.3800,98.2050,98.0550,97.8900,97.7300,97.5675,97.4300,97.2950,97.1700,97.0400,96.9500,96.8600,96.7800,96.7075
04/03/2014,98.7450,98.5750,98.4050,98.2350,98.0850,97.9250,97.7700,97.6125,97.4750,97.3400,97.2150,97.0850,96.9950,96.9050,96.8300,96.7575
03/03/2014,98.7750,98.6050,98.4350,98.2650,98.1200,97.9600,97.8050,97.6475,97.5100,97.3800,97.2550,97.1250,97.0300,96.9400,96.8600,96.7875
28/02/2014,98.7400,98.5700,98.4000,98.2300,98.0850,97.9250,97.7700,97.6075,97.4700,97.3350,97.2100,97.0800,96.9850,96.8950,96.8150,96.7375
27/02/2014,98.7500,98.5800,98.4100,98.2400,98.0950,97.9400,97.7850,97.6275,97.4950,97.3650,97.2400,97.1100,97.0150,96.9250,96.8400,96.7625
26/02/2014,98.7350,98.5600,98.3900,98.2200,98.0750,97.9200,97.7650,97.6075,97.4750,97.3450,97.2200,97.0900,96.9950,96.9000,96.8150,96.7375
25/02/2014,98.7100,98.5350,98.3650,98.1950,98.0500,97.8900,97.7350,97.5775,97.4450,97.3100,97.1800,97.0500,96.9550,96.8600,96.7750,96.6975
24/02/2014,98.7350,98.5600,98.3900,98.2200,98.0750,97.9200,97.7650,97.6125,97.4750,97.3400,97.2150,97.0850,96.9900,96.8950,96.8100,96.7325
21/02/2014,98.7250,98.5500,98.3800,98.2050,98.0550,97.9000,97.7450,97.5875,97.4500,97.3150,97.1900,97.0600,96.9650,96.8700,96.7850,96.7025
20/02/2014,98.6900,98.5100,98.3350,98.1550,98.0050,97.8400,97.6800,97.5175,97.3800,97.2450,97.1200,96.9900,96.8950,96.8000,96.7150,96.6375
19/02/2014,98.6950,98.5200,98.3500,98.1750,98.0250,97.8650,97.7050,97.5475,97.4100,97.2750,97.1450,97.0150,96.9200,96.8250,96.7400,96.6625
18/02/2014,98.7200,98.5500,98.3850,98.2150,98.0700,97.9150,97.7600,97.6025,97.4700,97.3350,97.2100,97.0800,96.9850,96.8900,96.8050,96.7275
14/02/2014,98.6850,98.5150,98.3450,98.1750,98.0300,97.8750,97.7200,97.5675,97.4350,97.3050,97.1800,97.0500,96.9550,96.8600,96.7800,96.7025
13/02/2014,98.6750,98.4950,98.3200,98.1400,97.9900,97.8300,97.6750,97.5175,97.3800,97.2450,97.1200,96.9900,96.8950,96.8000,96.7200,96.6425
12/02/2014,98.5200,98.3300,98.1500,97.9700,97.8150,97.6550,97.4950,97.3325,97.1950,97.0600,96.9300,96.8000,96.7050,96.6100,96.5300,96.4525
11/02/2014,98.4650,98.2700,98.0850,97.9000,97.7450,97.5800,97.4150,97.2525,97.1150,96.9800,96.8550,96.7250,96.6300,96.5400,96.4600,96.3825
10/02/2014,98.3950,98.1950,98.0050,97.8200,97.6600,97.4950,97.3300,97.1675,97.0300,96.8950,96.7700,96.6450,96.5550,96.4650,96.3850,96.3175
07/02/2014,98.5150,98.3250,98.1400,97.9600,97.8050,97.6400,97.4800,97.3225,97.1800,97.0450,96.9150,96.7850,96.6900,96.5950,96.5100,96.4325
06/02/2014,98.4900,98.3000,98.1150,97.9350,97.7800,97.6200,97.4600,97.3025,97.1650,97.0300,96.9050,96.7750,96.6800,96.5900,96.5050,96.4275
05/02/2014,98.5600,98.3800,98.2000,98.0250,97.8700,97.7100,97.5500,97.3925,97.2550,97.1200,96.9950,96.8650,96.7700,96.6800,96.5950,96.5175
04/02/2014,98.5000,98.3100,98.1250,97.9450,97.7900,97.6300,97.4700,97.3125,97.1750,97.0450,96.9200,96.7950,96.7050,96.6150,96.5350,96.4625
03/02/2014,98.5150,98.3200,98.1350,97.9550,97.8000,97.6350,97.4750,97.3125,97.1750,97.0450,96.9200,96.7950,96.7050,96.6150,96.5350,96.4625
31/01/2014,98.4200,98.2250,98.0400,97.8550,97.7000,97.5350,97.3750,97.2175,97.0850,96.9550,96.8350,96.7100,96.6250,96.5400,96.4650,96.3925
30/01/2014,98.3950,98.2000,98.0150,97.8350,97.6850,97.5250,97.3700,97.2175,97.0900,96.9700,96.8550,96.7400,96.6550,96.5650,96.4850,96.4125
29/01/2014,98.3650,98.1700,97.9900,97.8100,97.6600,97.5050,97.3550,97.2025,97.0750,96.9550,96.8400,96.7200,96.6350,96.5450,96.4650,96.3925
28/01/2014,98.3250,98.1250,97.9350,97.7500,97.5950,97.4350,97.2850,97.1325,97.0050,96.8850,96.7750,96.6650,96.5900,96.5100,96.4350,96.3675
27/01/2014,98.2300,98.0250,97.8300,97.6400,97.4800,97.3150,97.1600,97.0025,96.8750,96.7550,96.6500,96.5400,96.4650,96.3850,96.3150,96.2525
24/01/2014,98.2800,98.0750,97.8800,97.6850,97.5200,97.3500,97.1850,97.0175,96.8800,96.7550,96.6400,96.5250,96.4450,96.3650,96.2900,96.2275
23/01/2014,98.3900,98.2000,98.0150,97.8350,97.6750,97.5100,97.3450,97.1825,97.0450,96.9150,96.7950,96.6750,96.5900,96.5050,96.4300,96.3575
22/01/2014,98.4100,98.2250,98.0450,97.8650,97.7100,97.5500,97.3900,97.2275,97.0850,96.9550,96.8350,96.7100,96.6200,96.5300,96.4500,96.3775
21/01/2014,98.4150,98.2250,98.0450,97.8700,97.7150,97.5550,97.4000,97.2475,97.1100,96.9800,96.8600,96.7350,96.6450,96.5600,96.4850,96.4125
17/01/2014,98.5700,98.3900,98.2200,98.0500,97.9050,97.7550,97.6050,97.4575,97.3250,97.2000,97.0800,96.9550,96.8650,96.7750,96.6950,96.6225
16/01/2014,98.6400,98.4600,98.2900,98.1200,97.9750,97.8250,97.6800,97.5325,97.3950,97.2650,97.1450,97.0200,96.9300,96.8400,96.7550,96.6775
15/01/2014,98.6650,98.4950,98.3350,98.1700,98.0250,97.8800,97.7350,97.5875,97.4500,97.3150,97.1900,97.0600,96.9650,96.8700,96.7850,96.7075
14/01/2014,98.7050,98.5400,98.3800,98.2200,98.0750,97.9300,97.7850,97.6425,97.5050,97.3750,97.2500,97.1200,97.0250,96.9300,96.8450,96.7725
13/01/2014,98.7200,98.5600,98.4050,98.2450,98.1000,97.9550,97.8100,97.6625,97.5250,97.3950,97.2700,97.1400,97.0450,96.9550,96.8750,96.8025
10/01/2014,98.6800,98.5150,98.3550,98.1900,98.0450,97.8950,97.7450,97.5975,97.4600,97.3300,97.2050,97.0750,96.9800,96.8900,96.8100,96.7375
09/01/2014,98.6900,98.5200,98.3550,98.1850,98.0350,97.8850,97.7350,97.5825,97.4450,97.3150,97.1900,97.0600,96.9650,96.8750,96.8000,96.7275
08/01/2014,98.6350,98.4600,98.2900,98.1200,97.9700,97.8150,97.6600,97.5075,97.3700,97.2400,97.1200,96.9950,96.9050,96.8150,96.7400,96.6725
07/01/2014,98.6700,98.5000,98.3400,98.1750,98.0300,97.8850,97.7400,97.5975,97.4650,97.3350,97.2150,97.0900,97.0000,96.9100,96.8350,96.7675
06/01/2014,98.7150,98.5550,98.4000,98.2400,98.1000,97.9550,97.8100,97.6625,97.5300,97.4050,97.2850,97.1600,97.0700,96.9800,96.9050,96.8375
03/01/2014,98.6850,98.5300,98.3800,98.2250,98.0900,97.9500,97.8100,97.6675,97.5400,97.4150,97.3000,97.1750,97.0850,97.0000,96.9250,96.8575
02/01/2014,98.6150,98.4500,98.2950,98.1400,98.0000,97.8600,97.7200,97.5775,97.4500,97.3250,97.2100,97.0900,97.0000,96.9150,96.8400,96.7725
31/12/2013,98.6450,98.4800,98.3200,98.1600,98.0200,97.8750,97.7300,97.5825,97.4500,97.3200,97.2000,97.0750,96.9800,96.8900,96.8150,96.7475
30/12/2013,98.6350,98.4650,98.3050,98.1450,98.0050,97.8600,97.7150,97.5675,97.4350,97.3050,97.1850,97.0600,96.9650,96.8750,96.8000,96.7325
27/12/2013,98.5850,98.4100,98.2450,98.0800,97.9350,97.7900,97.6450,97.4975,97.3600,97.2300,97.1100,96.9850,96.8900,96.8000,96.7250,96.6575
26/12/2013,98.6350,98.4700,98.3100,98.1500,98.0100,97.8650,97.7150,97.5675,97.4300,97.3000,97.1800,97.0550,96.9600,96.8700,96.7950,96.7225
24/12/2013,98.6700,98.5100,98.3500,98.1850,98.0400,97.8950,97.7450,97.5975,97.4600,97.3300,97.2100,97.0850,96.9900,96.9000,96.8250,96.7525
23/12/2013,98.7550,98.5950,98.4350,98.2750,98.1300,97.9850,97.8350,97.6825,97.5400,97.4050,97.2850,97.1600,97.0650,96.9750,96.8950,96.8225
20/12/2013,98.7250,98.5650,98.4050,98.2450,98.1050,97.9600,97.8150,97.6675,97.5350,97.4100,97.3000,97.1800,97.0900,97.0050,96.9300,96.8625
19/12/2013,98.6600,98.4900,98.3250,98.1550,98.0050,97.8550,97.7000,97.5525,97.4150,97.2850,97.1700,97.0500,96.9600,96.8750,96.8000,96.7275
18/12/2013,98.7100,98.5350,98.3650,98.1900,98.0400,97.8900,97.7350,97.5825,97.4450,97.3100,97.1950,97.0750,96.9850,96.8950,96.8150,96.7425
17/12/2013,98.6450,98.4650,98.2900,98.1050,97.9500,97.7900,97.6250,97.4675,97.3250,97.1850,97.0650,96.9400,96.8450,96.7550,96.6750,96.6025
16/12/2013,98.6900,98.5100,98.3350,98.1550,98.0000,97.8450,97.6850,97.5275,97.3800,97.2400,97.1200,96.9950,96.9000,96.8100,96.7300,96.6575
13/12/2013,98.6950,98.5200,98.3450,98.1650,98.0150,97.8600,97.7000,97.5425,97.4000,97.2650,97.1450,97.0200,96.9250,96.8350,96.7550,96.6825
12/12/2013,98.7750,98.6050,98.4400,98.2650,98.1150,97.9600,97.8000,97.6425,97.5000,97.3600,97.2400,97.1150,97.0200,96.9300,96.8500,96.7775
11/12/2013,98.7500,98.5750,98.4050,98.2250,98.0750,97.9150,97.7500,97.5925,97.4450,97.3050,97.1800,97.0550,96.9550,96.8650,96.7850,96.7075
10/12/2013,98.8800,98.7150,98.5450,98.3700,98.2200,98.0650,97.9050,97.7525,97.6100,97.4750,97.3550,97.2300,97.1350,97.0450,96.9650,96.8925
09/12/2013,98.8650,98.6950,98.5250,98.3450,98.1900,98.0350,97.8750,97.7225,97.5850,97.4500,97.3350,97.2150,97.1200,97.0350,96.9600,96.8875
06/12/2013,98.8500,98.6850,98.5150,98.3400,98.1950,98.0450,97.8900,97.7475,97.6200,97.4950,97.3850,97.2700,97.1800,97.1000,97.0300,96.9625
05/12/2013,98.8050,98.6350,98.4600,98.2800,98.1300,97.9750,97.8200,97.6725,97.5450,97.4200,97.3100,97.1950,97.1100,97.0300,96.9600,96.8925
04/12/2013,98.8050,98.6300,98.4450,98.2550,98.0900,97.9250,97.7550,97.5975,97.4600,97.3250,97.2100,97.0900,97.0000,96.9150,96.8450,96.7775
03/12/2013,98.7950,98.6150,98.4250,98.2250,98.0550,97.8850,97.7150,97.5575,97.4150,97.2800,97.1650,97.0500,96.9600,96.8800,96.8100,96.7475
02/12/2013,98.7050,98.5150,98.3200,98.1200,97.9450,97.7750,97.6050,97.4475,97.3100,97.1800,97.0650,96.9500,96.8600,96.7800,96.7100,96.6475
29/11/2013,98.5250,98.3350,98.1450,97.9500,97.7850,97.6250,97.4650,97.3175,97.1900,97.0700,96.9650,96.8600,96.7800,96.7050,96.6450,96.5875
27/11/2013,98.4950,98.3050,98.1150,97.9200,97.7550,97.5950,97.4350,97.2875,97.1600,97.0400,96.9400,96.8350,96.7550,96.6800,96.6200,96.5625
26/11/2013,98.5350,98.3500,98.1650,97.9750,97.8200,97.6650,97.5100,97.3675,97.2400,97.1200,97.0150,96.9100,96.8250,96.7500,96.6900,96.6275
25/11/2013,98.5850,98.4100,98.2300,98.0450,97.8950,97.7400,97.5900,97.4475,97.3250,97.2050,97.1000,96.9950,96.9150,96.8400,96.7800,96.7225
22/11/2013,98.6500,98.4850,98.3150,98.1350,97.9900,97.8400,97.6900,97.5475,97.4250,97.3050,97.2000,97.0950,97.0150,96.9400,96.8800,96.8225
21/11/2013,98.6750,98.5100,98.3350,98.1550,98.0050,97.8600,97.7150,97.5775,97.4550,97.3400,97.2400,97.1400,97.0650,96.9950,96.9400,96.8825
20/11/2013,98.6700,98.5000,98.3250,98.1450,97.9950,97.8450,97.6950,97.5575,97.4350,97.3150,97.2150,97.1200,97.0450,96.9700,96.9100,96.8525
19/11/2013,98.6100,98.4400,98.2600,98.0700,97.9100,97.7550,97.6000,97.4575,97.3300,97.2100,97.1100,97.0150,96.9400,96.8650,96.8050,96.7475
18/11/2013,98.6000,98.4350,98.2650,98.0850,97.9300,97.7800,97.6250,97.4825,97.3600,97.2400,97.1350,97.0350,96.9550,96.8850,96.8250,96.7675
15/11/2013,98.5350,98.3700,98.2000,98.0200,97.8700,97.7200,97.5700,97.4275,97.3050,97.1850,97.0800,96.9800,96.9050,96.8350,96.7750,96.7175
14/11/2013,98.5600,98.3950,98.2250,98.0450,97.8950,97.7500,97.6000,97.4575,97.3350,97.2150,97.1150,97.0150,96.9400,96.8700,96.8100,96.7525
13/11/2013,98.5500,98.3900,98.2200,98.0400,97.8900,97.7450,97.6000,97.4625,97.3400,97.2200,97.1200,97.0250,96.9500,96.8800,96.8250,96.7675
12/11/2013,98.5000,98.3400,98.1750,97.9950,97.8500,97.7050,97.5650,97.4275,97.3100,97.1950,97.1000,97.0050,96.9300,96.8600,96.8050,96.7475
11/11/2013,98.4500,98.2950,98.1350,97.9600,97.8200,97.6800,97.5450,97.4175,97.3050,97.2000,97.1100,97.0200,96.9500,96.8800,96.8250,96.7675
08/11/2013,98.4450,98.2900,98.1300,97.9600,97.8200,97.6850,97.5550,97.4325,97.3300,97.2300,97.1450,97.0600,96.9950,96.9300,96.8750,96.8225
07/11/2013,98.4750,98.3250,98.1700,98.0050,97.8800,97.7550,97.6300,97.5125,97.4150,97.3200,97.2400,97.1550,97.0900,97.0300,96.9800,96.9275
06/11/2013,98.4350,98.2900,98.1450,97.9850,97.8600,97.7400,97.6200,97.5075,97.4100,97.3150,97.2350,97.1600,97.1000,97.0450,96.9950,96.9425
05/11/2013,98.3950,98.2500,98.1000,97.9400,97.8150,97.6950,97.5750,97.4625,97.3650,97.2700,97.1900,97.1150,97.0550,97.0000,96.9500,96.9025
04/11/2013,98.3100,98.1550,97.9950,97.8250,97.6950,97.5700,97.4450,97.3275,97.2300,97.1350,97.0600,96.9850,96.9250,96.8700,96.8200,96.7725
01/11/2013,98.2900,98.1300,97.9650,97.7900,97.6550,97.5250,97.4000,97.2825,97.1850,97.0900,97.0100,96.9350,96.8800,96.8250,96.7750,96.7275
31/10/2013,98.3750,98.2200,98.0600,97.8900,97.7550,97.6300,97.5050,97.3875,97.2900,97.2000,97.1200,97.0450,96.9850,96.9250,96.8750,96.8275
30/10/2013,98.3800,98.2200,98.0500,97.8750,97.7300,97.6000,97.4700,97.3525,97.2550,97.1600,97.0800,97.0050,96.9450,96.8850,96.8350,96.7875
29/10/2013,98.4100,98.2550,98.0950,97.9250,97.7850,97.6550,97.5300,97.4175,97.3200,97.2300,97.1500,97.0750,97.0150,96.9550,96.9050,96.8525
28/10/2013,98.4700,98.3200,98.1650,98.0000,97.8700,97.7500,97.6300,97.5225,97.4300,97.3400,97.2650,97.1900,97.1350,97.0800,97.0350,96.9875
25/10/2013,98.4800,98.3300,98.1700,98.0000,97.8650,97.7400,97.6200,97.5075,97.4150,97.3250,97.2450,97.1700,97.1100,97.0550,97.0100,96.9625
24/10/2013,98.4150,98.2600,98.1000,97.9300,97.7900,97.6600,97.5350,97.4225,97.3250,97.2350,97.1550,97.0750,97.0150,96.9600,96.9150,96.8675
23/10/2013,98.4400,98.2850,98.1250,97.9550,97.8150,97.6800,97.5500,97.4375,97.3350,97.2400,97.1550,97.0700,97.0050,96.9450,96.8950,96.8425
22/10/2013,98.4150,98.2500,98.0850,97.9050,97.7600,97.6200,97.4900,97.3675,97.2600,97.1600,97.0700,96.9800,96.9150,96.8500,96.7950,96.7375
21/10/2013,98.4150,98.2400,98.0650,97.8800,97.7250,97.5800,97.4400,97.3175,97.2100,97.1050,97.0150,96.9250,96.8550,96.7850,96.7300,96.6725
18/10/2013,98.3850,98.2050,98.0200,97.8300,97.6750,97.5250,97.3850,97.2625,97.1550,97.0500,96.9600,96.8650,96.7950,96.7250,96.6700,96.6125
17/10/2013,98.4500,98.2800,98.1050,97.9150,97.7600,97.6150,97.4750,97.3475,97.2400,97.1350,97.0450,96.9500,96.8800,96.8100,96.7550,96.6975
16/10/2013,98.3950,98.2250,98.0500,97.8650,97.7150,97.5700,97.4350,97.3125,97.2050,97.1050,97.0150,96.9250,96.8600,96.7950,96.7400,96.6875
15/10/2013,98.2650,98.0900,97.9150,97.7300,97.5800,97.4350,97.3000,97.1775,97.0750,96.9750,96.8900,96.8050,96.7400,96.6800,96.6300,96.5775
14/10/2013,98.2650,98.1000,97.9300,97.7550,97.6100,97.4700,97.3400,97.2225,97.1200,97.0200,96.9350,96.8500,96.7850,96.7250,96.6750,96.6175
11/10/2013,98.2350,98.0700,97.9000,97.7250,97.5850,97.4500,97.3200,97.2025,97.1000,97.0050,96.9200,96.8400,96.7800,96.7250,96.6800,96.6275
10/10/2013,98.2050,98.0250,97.8450,97.6550,97.5000,97.3550,97.2150,97.0975,96.9950,96.8950,96.8100,96.7300,96.6700,96.6150,96.5700,96.5175
09/10/2013,98.2700,98.0950,97.9150,97.7300,97.5800,97.4350,97.3000,97.1825,97.0800,96.9850,96.9050,96.8300,96.7750,96.7200,96.6800,96.6325
08/10/2013,98.2850,98.1250,97.9600,97.7900,97.6500,97.5150,97.3900,97.2825,97.1900,97.1000,97.0250,96.9500,96.8950,96.8400,96.8000,96.7525
07/10/2013,98.3000,98.1400,97.9700,97.7950,97.6500,97.5150,97.3850,97.2775,97.1850,97.0950,97.0200,96.9500,96.9000,96.8550,96.8150,96.7725
04/10/2013,98.3050,98.1400,97.9700,97.7900,97.6450,97.5100,97.3850,97.2775,97.1900,97.1050,97.0300,96.9600,96.9100,96.8650,96.8250,96.7825
03/10/2013,98.3500,98.1900,98.0250,97.8500,97.7050,97.5700,97.4450,97.3425,97.2550,97.1700,97.0950,97.0250,96.9750,96.9300,96.8950,96.8525
02/10/2013,98.3250,98.1650,98.0000,97.8200,97.6750,97.5350,97.4050,97.2925,97.1950,97.1050,97.0250,96.9450,96.8900,96.8400,96.8000,96.7575
01/10/2013,98.3100,98.1500,97.9850,97.8050,97.6600,97.5200,97.3900,97.2775,97.1800,97.0900,97.0100,96.9300,96.8700,96.8150,96.7750,96.7325
30/09/2013,98.3000,98.1350,97.9650,97.7850,97.6350,97.4950,97.3650,97.2475,97.1500,97.0550,96.9750,96.8900,96.8300,96.7700,96.7250,96.6825
27/09/2013,98.3250,98.1650,98.0000,97.8250,97.6800,97.5400,97.4100,97.2925,97.1950,97.1000,97.0200,96.9350,96.8750,96.8150,96.7700,96.7225
26/09/2013,98.2850,98.1150,97.9400,97.7550,97.6000,97.4550,97.3200,97.1975,97.0950,96.9950,96.9050,96.8200,96.7550,96.6950,96.6450,96.5925
25/09/2013,98.2350,98.0550,97.8750,97.6850,97.5300,97.3850,97.2450,97.1225,97.0200,96.9200,96.8350,96.7500,96.6850,96.6250,96.5750,96.5275
24/09/2013,98.2350,98.0600,97.8800,97.6950,97.5450,97.4000,97.2600,97.1375,97.0350,96.9350,96.8500,96.7600,96.6950,96.6350,96.5850,96.5325
23/09/2013,98.1800,98.0000,97.8200,97.6350,97.4850,97.3400,97.2000,97.0725,96.9600,96.8550,96.7700,96.6800,96.6150,96.5550,96.5100,96.4625
20/09/2013,98.2500,98.0750,97.8950,97.7100,97.5550,97.4050,97.2650,97.1375,97.0250,96.9200,96.8350,96.7450,96.6800,96.6200,96.5750,96.5275
19/09/2013,98.3350,98.1600,97.9800,97.7900,97.6350,97.4850,97.3400,97.2125,97.1000,96.9950,96.9100,96.8250,96.7600,96.7000,96.6550,96.6075
18/09/2013,98.3200,98.1350,97.9450,97.7450,97.5750,97.4100,97.2550,97.1175,97.0000,96.8900,96.8000,96.7100,96.6450,96.5800,96.5250,96.4725
17/09/2013,98.3900,98.2100,98.0250,97.8250,97.6600,97.5000,97.3500,97.2125,97.0950,96.9850,96.8950,96.8050,96.7350,96.6700,96.6150,96.5625
16/09/2013,98.3550,98.1650,97.9700,97.7700,97.6000,97.4400,97.2900,97.1525,97.0350,96.9250,96.8350,96.7400,96.6700,96.6050,96.5500,96.4925
13/09/2013,98.3200,98.1250,97.9250,97.7200,97.5500,97.3900,97.2350,97.0975,96.9800,96.8700,96.7800,96.6900,96.6200,96.5600,96.5100,96.4575
12/09/2013,98.3400,98.1500,97.9550,97.7550,97.5850,97.4300,97.2850,97.1525,97.0400,96.9350,96.8450,96.7600,96.6950,96.6400,96.5950,96.5475
11/09/2013,98.2950,98.1050,97.9100,97.7100,97.5450,97.3900,97.2450,97.1175,97.0050,96.9000,96.8150,96.7300,96.6700,96.6150,96.5750,96.5325
10/09/2013,98.1600,97.9550,97.7450,97.5350,97.3600,97.1950,97.0400,96.9025,96.7850,96.6750,96.5850,96.4950,96.4300,96.3700,96.3200,96.2775
09/09/2013,98.0100,97.8000,97.5900,97.3800,97.2050,97.0400,96.8850,96.7475,96.6300,96.5200,96.4300,96.3400,96.2750,96.2150,96.1650,96.1225
06/09/2013,97.9000,97.6900,97.4800,97.2700,97.0950,96.9300,96.7750,96.6425,96.5250,96.4150,96.3250,96.2350,96.1700,96.1100,96.0600,96.0125
05/09/2013,98.0450,97.8450,97.6450,97.4450,97.2800,97.1250,96.9800,96.8575,96.7500,96.6500,96.5700,96.4850,96.4200,96.3550,96.3050,96.2575
04/09/2013,98.1200,97.9250,97.7350,97.5400,97.3800,97.2300,97.0850,96.9575,96.8450,96.7400,96.6550,96.5700,96.5050,96.4400,96.3950,96.3475
03/09/2013,97.9700,97.7750,97.5850,97.3950,97.2350,97.0850,96.9400,96.8125,96.7000,96.5950,96.5100,96.4250,96.3600,96.2950,96.2500,96.2075
30/08/2013,97.9900,97.8000,97.6150,97.4300,97.2750,97.1300,96.9900,96.8625,96.7500,96.6450,96.5600,96.4750,96.4100,96.3450,96.3000,96.2575
29/08/2013,97.9900,97.8000,97.6200,97.4450,97.3000,97.1600,97.0250,96.9025,96.8000,96.7000,96.6150,96.5350,96.4700,96.4050,96.3600,96.3225
28/08/2013,98.0150,97.8200,97.6400,97.4650,97.3200,97.1800,97.0500,96.9200,96.8200,96.7200,96.6400,96.5600,96.7950,96.4350,96.3900,96.3550
27/08/2013,98.0100,97.8300,97.6550,97.4800,97.3400,97.2050,97.0700,96.9475,96.8400,96.7450,96.6650,96.5850,96.5250,96.4650,96.4200,96.3825
26/08/2013,97.9750,97.7900,97.6150,97.4400,97.2950,97.1650,97.0300,96.9050,96.8400,96.7100,96.6350,96.8450,96.4900,96.4350,96.3900,96.3550
23/08/2013,97.9100,97.7300,97.5600,97.3900,97.2550,97.1250,97.0000,96.8825,96.7750,96.6800,96.6000,96.5200,96.4600,96.4000,96.3600,96.3225
22/08/2013,97.9700,97.8000,97.6350,97.4700,97.3400,97.2150,97.0950,96.9825,96.8850,96.7950,96.7150,96.6400,96.5800,96.5250,96.4850,96.4425
21/08/2013,97.8550,97.6850,97.5200,97.3600,97.2300,97.1100,96.9900,96.8825,96.7900,96.7050,96.6300,96.5600,96.5100,96.4600,96.4250,96.3825
20/08/2013,97.8750,97.7100,97.5500,97.3950,97.2750,97.1600,97.0500,96.9525,96.8650,96.7850,96.7150,96.6500,96.6000,96.5500,96.5150,96.4725
19/08/2013,97.8650,97.6900,97.5250,97.3600,97.2350,97.1200,97.0050,96.9075,96.8200,96.7400,96.6700,96.6050,96.5600,96.5150,96.4850,96.4475
16/08/2013,97.9750,97.8050,97.6400,97.4800,97.3550,97.2350,97.1200,97.0225,96.9350,96.8550,96.7850,96.7200,96.6750,96.6300,96.6000,96.5625
15/08/2013,98.0650,97.8950,97.7350,97.5750,97.4500,97.3300,97.2150,97.1125,97.0200,96.9400,96.8700,96.8050,96.7600,96.7150,96.6850,96.6475
14/08/2013,98.1200,97.9550,97.8000,97.6450,97.5250,97.4150,97.3050,97.2075,97.1200,97.0450,96.9800,96.9150,96.8700,96.8250,96.7900,96.7475
13/08/2013,98.2450,98.0950,97.9500,97.8000,97.6850,97.5750,97.4700,97.3775,97.2900,97.2150,97.1500,97.0850,97.0400,96.9950,96.9600,96.9175
12/08/2013,98.2750,98.1200,97.9700,97.8150,97.6950,97.5800,97.4750,97.3825,97.2950,97.2200,97.1550,97.0900,97.0450,97.0000,96.9650,96.9225
09/08/2013,98.1700,98.0050,97.8450,97.6850,97.5600,97.4400,97.3250,97.2275,97.1400,97.0650,97.0000,96.9350,96.8850,96.8350,96.7950,96.7575
08/08/2013,98.1600,97.9900,97.8250,97.6650,97.5400,97.4200,97.3050,97.2025,97.1100,97.0300,96.9650,96.8950,96.8350,96.7750,96.7300,96.6875
07/08/2013,98.1500,97.9750,97.8100,97.6450,97.5150,97.3900,97.2750,97.1725,97.0800,96.9950,96.9200,96.8450,96.7800,96.7150,96.6600,96.6075
06/08/2013,98.1400,97.9600,97.7900,97.6200,97.4850,97.3600,97.2400,97.1325,97.0350,96.9500,96.8750,96.8000,96.7350,96.6700,96.6200,96.5675
05/08/2013,98.2300,98.0600,97.8950,97.7350,97.6050,97.4850,97.3700,97.2675,97.1750,97.0900,97.0150,96.9400,96.8800,96.8200,96.7700,96.7175
02/08/2013,98.3450,98.1800,98.0150,97.8500,97.7200,97.6000,97.4900,97.3925,97.3050,97.2250,97.1550,97.0800,97.0200,96.9600,96.9100,96.8625
01/08/2013,98.4700,98.3100,98.1500,97.9900,97.8600,97.7400,97.6300,97.5275,97.4350,97.3500,97.2750,97.1950,97.1300,97.0650,97.0100,96.9575
31/07/2013,98.3150,98.1350,97.9550,97.7750,97.6250,97.4850,97.3550,97.2425,97.1400,97.0450,96.9650,96.8800,96.8150,96.7450,96.6900,96.6325
30/07/2013,98.2800,98.0900,97.9050,97.7200,97.5600,97.4150,97.2800,97.1575,97.0450,96.9450,96.8600,96.7750,96.7050,96.6350,96.5750,96.5125
29/07/2013,98.2800,98.0950,97.9100,97.7300,97.5750,97.4350,97.3000,97.1775,97.0650,96.9600,96.8750,96.7900,96.7200,96.6500,96.5900,96.5275
26/07/2013,98.1400,97.9400,97.7450,97.5600,97.4050,97.2600,97.1250,97.0025,96.8900,96.7900,96.7050,96.6200,96.5500,96.4800,96.4200,96.3575
25/07/2013,98.1450,97.9500,97.7550,97.5650,97.4050,97.2600,97.1250,97.0025,96.8900,96.7850,96.7000,96.6150,96.5450,96.4750,96.4200,96.3575
24/07/2013,98.2200,98.0300,97.8450,97.6650,97.5100,97.3700,97.2350,97.1175,97.0050,96.9000,96.8100,96.7200,96.6450,96.5700,96.5100,96.4425
23/07/2013,98.2150,98.0300,97.8500,97.6750,97.5200,97.3800,97.2450,97.1275,97.0150,96.9100,96.8200,96.7300,96.6550,96.5750,96.5100,96.4425
22/07/2013,98.2700,98.0900,97.9100,97.7350,97.5850,97.4500,97.3200,97.2025,97.0900,96.9900,96.9000,96.8100,96.7350,96.6600,96.6000,96.5375
19/07/2013,98.3300,98.1550,97.9800,97.8050,97.6500,97.5100,97.3750,97.2525,97.1400,97.0350,96.9400,96.8450,96.7650,96.6850,96.6150,96.5425
18/07/2013,98.2650,98.0850,97.9100,97.7300,97.5750,97.4300,97.2900,97.1675,97.0550,96.9500,96.8550,96.7650,96.6900,96.6100,96.5450,96.4775
17/07/2013,98.2000,98.0150,97.8300,97.6450,97.4800,97.3300,97.1900,97.0675,96.9600,96.8600,96.7700,96.6850,96.6150,96.5400,96.4800,96.4175
16/07/2013,98.2100,98.0250,97.8400,97.6600,97.5000,97.3550,97.2200,97.1025,96.9950,96.8950,96.8150,96.7300,96.6650,96.5950,96.5400,96.4775
15/07/2013,98.2750,98.0850,97.8950,97.7050,97.5350,97.3800,97.2350,97.1025,96.9850,96.8750,96.7800,96.6900,96.6150,96.5400,96.4800,96.4125
12/07/2013,98.1850,97.9700,97.7550,97.5450,97.3600,97.1900,97.0300,96.8925,96.7700,96.6550,96.5600,96.4700,96.3950,96.3200,96.2550,96.1825
11/07/2013,98.0600,97.8450,97.6350,97.4300,97.2500,97.0850,96.9300,96.7925,96.6700,96.5600,96.4650,96.3750,96.3050,96.2300,96.1650,96.0975
10/07/2013,98.0600,97.8500,97.6450,97.4450,97.2700,97.1050,96.9550,96.8225,96.7050,96.5950,96.5050,96.4150,96.3450,96.2700,96.2100,96.1425
09/07/2013,97.9850,97.7750,97.5700,97.3700,97.1900,97.0250,96.8750,96.7425,96.6250,96.5150,96.4250,96.3300,96.2550,96.1800,96.1200,96.0525
08/07/2013,98.0500,97.8400,97.6350,97.4350,97.2600,97.1000,96.9500,96.8225,96.7100,96.6050,96.5150,96.4250,96.3500,96.2750,96.2150,96.1525
05/07/2013,97.9450,97.7350,97.5300,97.3350,97.1650,97.0100,96.8650,96.7375,96.6300,96.5250,96.4350,96.3500,96.2800,96.2100,96.1500,96.0875
03/07/2013,97.9300,97.7250,97.5250,97.3350,97.1750,97.0300,96.8900,96.7675,96.6600,96.5550,96.4650,96.3750,96.3000,96.2250,96.1650,96.1025
02/07/2013,98.0750,97.8750,97.6800,97.4950,97.3400,97.1950,97.0600,96.9375,96.8300,96.7300,96.6450,96.5550,96.4800,96.4050,96.3450,96.2825
01/07/2013,98.1050,97.9050,97.7100,97.5250,97.3700,97.2250,97.0900,96.9725,96.8700,96.7700,96.6850,96.5950,96.5250,96.4550,96.4000,96.3375
28/06/2013,98.1500,97.9550,97.7600,97.5700,97.4150,97.2700,97.1350,97.0125,96.9050,96.8000,96.7100,96.6200,96.5450,96.4700,96.4050,96.3425
27/06/2013,98.2000,98.0000,97.7950,97.5950,97.4300,97.2800,97.1450,97.0175,96.9050,96.7950,96.7000,96.6050,96.5300,96.4550,96.3900,96.3275
26/06/2013,98.1500,97.9450,97.7350,97.5300,97.3550,97.1950,97.0400,96.9075,96.7900,96.6750,96.5750,96.4800,96.4000,96.3200,96.2550,96.1875
25/06/2013,98.0700,97.8650,97.6550,97.4450,97.2700,97.1050,96.9500,96.8175,96.7000,96.5850,96.4850,96.3850,96.3050,96.2250,96.1550,96.0875
24/06/2013,97.9950,97.7750,97.5500,97.3300,97.1450,96.9700,96.8100,96.6675,96.5500,96.4350,96.3350,96.2400,96.1600,96.0800,96.0150,95.9525
21/06/2013,98.0100,97.7900,97.5650,97.3450,97.1600,96.9850,96.8200,96.6775,96.5600,96.4450,96.3450,96.2500,96.1700,96.0900,96.0250,95.9625
20/06/2013,97.9600,97.7350,97.5100,97.2900,97.1050,96.9250,96.7550,96.6075,96.4850,96.3650,96.2650,96.1650,96.0800,95.9950,95.9200,95.8475
19/06/2013,97.9800,97.7650,97.5550,97.3500,97.1800,97.0200,96.8700,96.7425,96.6350,96.5300,96.4350,96.3350,96.2600,96.1800,96.1100,96.0425
18/06/2013,97.8200,97.6000,97.3950,97.1950,97.0350,96.8800,96.7400,96.6125,96.5050,96.4050,96.3200,96.2300,96.1650,96.0950,96.0350,95.9725
17/06/2013,97.6650,97.4500,97.2400,97.0350,96.8700,96.7100,96.5650,96.4375,96.3300,96.2300,96.1450,96.0600,96.0000,95.9350,95.8800,95.8275
14/06/2013,97.4800,97.2500,97.0300,96.8150,96.6400,96.4750,96.3250,96.1925,96.0850,95.9900,95.9100,95.8250,95.7650,95.7050,95.6500,95.5975
13/06/2013,97.7000,97.4750,97.2600,97.0450,96.8700,96.7000,96.5350,96.3925,96.2700,96.1600,96.0650,95.9700,95.9000,95.8300,95.7700,95.7125
12/06/2013,97.5550,97.3200,97.0950,96.8750,96.6900,96.5150,96.3500,96.2075,96.0850,95.9750,95.8800,95.7900,95.7250,95.6650,95.6100,95.5525
11/06/2013,97.5400,97.3050,97.0750,96.8500,96.6600,96.4800,96.3100,96.1575,96.0300,95.9150,95.8200,95.7250,95.6600,95.5950,95.5400,95.4875
10/06/2013,97.4250,97.1800,96.9400,96.7050,96.5050,96.3200,96.1450,95.9925,95.8650,95.7500,95.6550,95.5650,95.5050,95.4400,95.3850,95.3325
07/06/2013,97.3150,97.0650,96.8200,96.5850,96.3850,96.2000,96.0300,95.8825,95.7600,95.6500,95.5600,95.4750,95.4200,95.3600,95.3100,95.2575
06/06/2013,97.1050,96.8600,96.6200,96.3950,96.2050,96.0250,95.8600,95.7175,95.5950,95.4900,95.4000,95.3150,95.2600,95.2000,95.1500,95.1025
05/06/2013,97.0800,96.8350,96.6000,96.3750,96.1850,96.0100,95.8450,95.7025,95.5800,95.4750,95.3850,95.3000,95.2450,95.1900,95.1450,95.0975
04/06/2013,97.1250,96.8800,96.6450,96.4200,96.2350,96.0600,95.8950,95.7525,95.6300,95.5200,95.4300,95.3450,95.2850,95.2250,95.1750,95.1225
03/06/2013,97.0600,96.8200,96.5850,96.3650,96.1800,96.0050,95.8400,95.6975,95.5750,95.4650,95.3750,95.2900,95.2350,95.1750,95.1250,95.0725
31/05/2013,97.0450,96.8100,96.5850,96.3700,96.1900,96.0200,95.8650,95.7325,95.6150,95.5100,95.4250,95.3450,95.2950,95.2400,95.1900,95.1375
30/05/2013,96.9600,96.7250,96.5000,96.2850,96.1050,95.9350,95.7800,95.6475,95.5300,95.4250,95.3400,95.2600,95.2100,95.1550,95.1050,95.0575
29/05/2013,97.0350,96.8050,96.5850,96.3750,96.2050,96.0450,95.8900,95.7525,95.6350,95.5300,95.4450,95.3650,95.3100,95.2550,95.2050,95.1525
28/05/2013,97.0700,96.8400,96.6200,96.4100,96.2400,96.0750,95.9250,95.7925,95.6800,95.5800,95.5000,95.4200,95.3650,95.3100,95.2600,95.2075
24/05/2013,97.0800,96.8450,96.6200,96.4050,96.2300,96.0650,95.9100,95.7725,95.6550,95.5500,95.4650,95.3800,95.3250,95.2700,95.2200,95.1675
23/05/2013,97.0500,96.8150,96.5950,96.3800,96.2050,96.0400,95.8850,95.7525,95.6350,95.5300,95.4450,95.3600,95.3050,95.2500,95.2000,95.1525
22/05/2013,96.9900,96.7550,96.5300,96.3150,96.1350,95.9700,95.8200,95.6875,95.5750,95.4750,95.3950,95.3150,95.2650,95.2100,95.1600,95.1125
21/05/2013,97.0350,96.8000,96.5800,96.3650,96.1900,96.0250,95.8750,95.7475,95.6350,95.5350,95.4550,95.3800,95.3300,95.2750,95.2300,95.1825
20/05/2013,96.9900,96.7600,96.5450,96.3350,96.1600,96.0000,95.8500,95.7225,95.6100,95.5100,95.4300,95.3500,95.2950,95.2400,95.1950,95.1475
17/05/2013,96.9600,96.7300,96.5150,96.3050,96.1300,95.9700,95.8200,95.6925,95.5800,95.4800,95.4000,95.3250,95.2750,95.2250,95.1800,95.1325
16/05/2013,96.8700,96.6400,96.4200,96.2100,96.0350,95.8700,95.7200,95.5875,95.4750,95.3700,95.2850,95.2050,95.1500,95.0950,95.0500,95.0025
15/05/2013,96.6550,96.4300,96.2200,96.0250,95.8600,95.7050,95.5650,95.4425,95.3350,95.2400,95.1600,95.0800,95.0250,94.9750,94.9300,94.8875
14/05/2013,96.7550,96.5300,96.3200,96.1200,95.9550,95.7950,95.6450,95.5125,95.3950,95.2900,95.2000,95.1150,95.0600,95.0050,94.9600,94.9175
13/05/2013,96.7000,96.4800,96.2750,96.0800,95.9200,95.7650,95.6250,95.4975,95.3850,95.2850,95.2000,95.1200,95.0650,95.0100,94.9650,94.9175
10/05/2013,96.5750,96.3600,96.1600,95.9700,95.8150,95.6700,95.5350,95.4125,95.3050,95.2100,95.1350,95.0600,95.0100,94.9600,94.9150,94.8675
09/05/2013,96.6500,96.4300,96.2300,96.0350,95.8750,95.7250,95.5850,95.4625,95.3550,95.2600,95.1850,95.1100,95.0600,95.0150,94.9750,94.9275
08/05/2013,96.7600,96.5350,96.3250,96.1250,95.9600,95.8000,95.6550,95.5275,95.4200,95.3200,95.2400,95.1600,95.1100,95.0650,95.0250,94.9775
07/05/2013,96.8450,96.6200,96.4050,96.2000,96.0300,95.8700,95.7250,95.5975,95.4900,95.3900,95.3100,95.2300,95.1800,95.1350,95.0950,95.0475
06/05/2013,97.0250,96.7950,96.5800,96.3700,96.1950,96.0300,95.8800,95.7475,95.6350,95.5350,95.4500,95.3700,95.3150,95.2650,95.2200,95.1675
03/05/2013,97.0550,96.8300,96.6150,96.4100,96.2400,96.0800,95.9300,95.8025,95.6900,95.5900,95.5050,95.4250,95.3700,95.3200,95.2750,95.2225
02/05/2013,97.0000,96.7750,96.5600,96.3550,96.1850,96.0250,95.8750,95.7475,95.6350,95.5300,95.4450,95.3650,95.3100,95.2600,95.2150,95.1625
01/05/2013,96.8750,96.6550,96.4450,96.2400,96.0700,95.9100,95.7650,95.6375,95.5250,95.4200,95.3350,95.2550,95.2000,95.1500,95.1050,95.0525
30/04/2013,96.8650,96.6450,96.4350,96.2350,96.0700,95.9150,95.7700,95.6425,95.5300,95.4250,95.3400,95.2600,95.2050,95.1500,95.1000,95.0425
29/04/2013,96.8850,96.6650,96.4550,96.2550,96.0900,95.9300,95.7850,95.6575,95.5450,95.4450,95.3600,95.2800,95.2250,95.1700,95.1250,95.0725
26/04/2013,96.8950,96.6750,96.4650,96.2650,96.1000,95.9400,95.7950,95.6675,95.5550,95.4550,95.3750,95.2950,95.2400,95.1900,95.1450,95.0925
25/04/2013,96.9200,96.7000,96.4950,96.3000,96.1350,95.9800,95.8350,95.7075,95.5950,95.4950,95.4100,95.3300,95.2750,95.2250,95.1800,95.1275
24/04/2013,96.8700,96.6500,96.4450,96.2500,96.0850,95.9300,95.7850,95.6575,95.5400,95.4350,95.3500,95.2700,95.2150,95.1600,95.1150,95.0625
23/04/2013,96.7250,96.5050,96.2950,96.1000,95.9350,95.7800,95.6350,95.5075,95.3900,95.2850,95.2000,95.1200,95.0650,95.0150,94.9700,94.9225
22/04/2013,96.8600,96.6350,96.4250,96.2250,96.0600,95.9000,95.7550,95.6225,95.5050,95.4000,95.3150,95.2300,95.1750,95.1250,95.0800,95.0325
19/04/2013,96.8950,96.6700,96.4600,96.2600,96.0900,95.9300,95.7800,95.6475,95.5300,95.4250,95.3400,95.2550,95.1950,95.1400,95.0900,95.0425
18/04/2013,96.8800,96.6550,96.4400,96.2350,96.0650,95.9000,95.7500,95.6175,95.5000,95.3950,95.3050,95.2150,95.1550,95.1000,95.0500,95.0025
17/04/2013,96.9300,96.7000,96.4850,96.2800,96.1050,95.9350,95.7800,95.6425,95.5250,95.4150,95.3250,95.2300,95.1650,95.1050,95.0500,94.9975
16/04/2013,96.8300,96.6100,96.4050,96.2050,96.0350,95.8700,95.7200,95.5875,95.4750,95.3650,95.2750,95.1800,95.1150,95.0600,95.0050,94.9525
15/04/2013,96.8100,96.5950,96.3950,96.2000,96.0350,95.8750,95.7300,95.5975,95.4850,95.3800,95.2900,95.2000,95.1400,95.0850,95.0350,94.9825
12/04/2013,96.8000,96.5850,96.3850,96.1900,96.0300,95.8700,95.7250,95.5975,95.4900,95.3850,95.3000,95.2150,95.1600,95.1050,95.0550,95.0075
11/04/2013,96.7650,96.5500,96.3500,96.1550,95.9950,95.8400,95.6950,95.5675,95.4600,95.3600,95.2800,95.1950,95.1400,95.0900,95.0450,94.9975
10/04/2013,96.8200,96.6100,96.4100,96.2200,96.0650,95.9150,95.7750,95.6525,95.5500,95.4500,95.3700,95.2850,95.2350,95.1850,95.1400,95.0925
09/04/2013,96.7100,96.5050,96.3150,96.1300,95.9750,95.8250,95.6850,95.5625,95.4600,95.3600,95.2800,95.2000,95.1500,95.1000,95.0600,95.0175
08/04/2013,96.6800,96.4800,96.2900,96.1100,95.9600,95.8100,95.6750,95.5525,95.4500,95.3500,95.2700,95.1900,95.1400,95.0950,95.0550,95.0125
05/04/2013,96.7000,96.5050,96.3200,96.1400,95.9950,95.8500,95.7150,95.5925,95.4900,95.3900,95.3100,95.2300,95.1800,95.1300,95.0850,95.0425
04/04/2013,96.6100,96.4150,96.2350,96.0600,95.9150,95.7700,95.6350,95.5175,95.4150,95.3150,95.2350,95.1550,95.1050,95.0550,95.0100,94.9675
03/04/2013,96.5900,96.4000,96.2250,96.0500,95.9050,95.7600,95.6300,95.5125,95.4100,95.3150,95.2400,95.1600,95.1100,95.0600,95.0150,94.9725
02/04/2013,96.5850,96.3950,96.2200,96.0450,95.9000,95.7550,95.6200,95.5025,95.4000,95.3000,95.2200,95.1400,95.0900,95.0400,95.0000,94.9575
01/04/2013,96.5600,96.3650,96.1850,96.0100,95.8650,95.7200,95.5850,95.4675,95.3650,95.2650,95.1850,95.1050,95.0550,95.0050,94.9650,94.9275
28/03/2013,96.5250,96.3350,96.1600,95.9850,95.8400,95.6950,95.5650,95.4525,95.3550,95.2600,95.1850,95.1050,95.0550,95.0050,94.9650,94.9275
27/03/2013,96.5300,96.3400,96.1650,95.9950,95.8550,95.7150,95.5900,95.4775,95.3800,95.2900,95.2150,95.1400,95.0900,95.0450,95.0100,94.9725
26/03/2013,96.6050,96.4100,96.2300,96.0550,95.9150,95.7750,95.6450,95.5325,95.4350,95.3450,95.2700,95.1950,95.1450,95.1000,95.0650,95.0275
25/03/2013,96.5500,96.3550,96.1800,96.0050,95.8650,95.7250,95.5950,95.4825,95.3850,95.2950,95.2200,95.1450,95.1000,95.0550,95.0200,94.9825
22/03/2013,96.5050,96.3150,96.1400,95.9650,95.8250,95.6850,95.5550,95.4425,95.3450,95.2550,95.1800,95.1050,95.0600,95.0150,94.9800,94.9425
21/03/2013,96.4750,96.2850,96.1100,95.9350,95.7950,95.6550,95.5250,95.4125,95.3150,95.2250,95.1500,95.0750,95.0250,94.9800,94.9450,94.9075
20/03/2013,96.5350,96.3450,96.1700,96.0000,95.8600,95.7200,95.5900,95.4725,95.3750,95.2850,95.2150,95.1350,95.0850,95.0400,95.0050,94.9675
19/03/2013,96.4950,96.3100,96.1400,95.9700,95.8350,95.6950,95.5650,95.4475,95.3450,95.2550,95.1850,95.1050,95.0550,95.0100,94.9750,94.9375
18/03/2013,96.5600,96.3700,96.2000,96.0300,95.8950,95.7600,95.6300,95.5125,95.4100,95.3200,95.2500,95.1700,95.1200,95.0750,95.0400,95.0025
15/03/2013,96.5100,96.3200,96.1500,95.9850,95.8500,95.7150,95.5900,95.4775,95.3800,95.2950,95.2250,95.1500,95.1050,95.0650,95.0300,94.9925
14/03/2013,96.4950,96.3100,96.1400,95.9800,95.8500,95.7200,95.5950,95.4875,95.3950,95.3100,95.2400,95.1650,95.1200,95.0800,95.0450,95.0075
13/03/2013,96.4150,96.2300,96.0600,95.9000,95.7650,95.6350,95.5100,95.4025,95.3100,95.2250,95.1550,95.0800,95.0350,94.9950,94.9650,94.9275
12/03/2013,96.3950,96.2100,96.0400,95.8750,95.7400,95.6050,95.4800,95.3725,95.2800,95.1950,95.1250,95.0500,95.0050,94.9600,94.9250,94.8875
11/03/2013,96.3550,96.1650,95.9900,95.8250,95.6900,95.5550,95.4300,95.3225,95.2300,95.1450,95.0750,95.0050,94.9600,94.9200,94.8900,94.8525
08/03/2013,96.3450,96.1550,95.9750,95.8050,95.6650,95.5300,95.4100,95.3075,95.2200,95.1350,95.0700,95.0000,94.9550,94.9150,94.8850,94.8475
07/03/2013,96.3050,96.1150,95.9350,95.7650,95.6250,95.4900,95.3700,95.2675,95.1800,95.0950,95.0300,94.9600,94.9150,94.8750,94.8450,94.8075
06/03/2013,96.2150,96.0350,95.8700,95.7150,95.5850,95.4600,95.3450,95.2425,95.1550,95.0700,95.0050,94.9400,94.8950,94.8550,94.8250,94.7875
05/03/2013,96.2450,96.0650,95.9050,95.7500,95.6200,95.5000,95.3900,95.2925,95.2050,95.1250,95.0600,94.9950,94.9550,94.9150,94.8850,94.8475
04/03/2013,96.1750,96.0050,95.8500,95.6950,95.5700,95.4500,95.3400,95.2425,95.1550,95.0750,95.0100,94.9450,94.9000,94.8600,94.8300,94.7925
01/03/2013,96.1100,95.9350,95.7750,95.6200,95.4950,95.3800,95.2700,95.1775,95.0950,95.0200,94.9600,94.9000,94.8600,94.8200,94.7900,94.7575
28/02/2013,96.1350,95.9550,95.7950,95.6350,95.5100,95.3900,95.2800,95.1875,95.1050,95.0250,94.9600,94.8950,94.8550,94.8150,94.7850,94.7525
27/02/2013,96.2000,96.0200,95.8550,95.6950,95.5650,95.4450,95.3300,95.2325,95.1450,95.0650,95.0000,94.9350,94.8950,94.8550,94.8250,94.7925
26/02/2013,96.1950,96.0150,95.8500,95.6850,95.5550,95.4350,95.3200,95.2175,95.1300,95.0500,94.9850,94.9200,94.8800,94.8400,94.8100,94.7775
25/02/2013,96.1050,95.9250,95.7650,95.6050,95.4800,95.3650,95.2550,95.1575,95.0700,94.9900,94.9250,94.8600,94.8200,94.7800,94.7500,94.7175
22/02/2013,96.0150,95.8400,95.6850,95.5300,95.4050,95.2900,95.1800,95.0825,95.0000,94.9200,94.8550,94.7900,94.7500,94.7100,94.6800,94.6475
21/02/2013,96.0550,95.8800,95.7200,95.5650,95.4400,95.3200,95.2100,95.1125,95.0250,94.9450,94.8800,94.8100,94.7650,94.7250,94.6950,94.6625
20/02/2013,96.0000,95.8300,95.6750,95.5200,95.3950,95.2750,95.1650,95.0725,94.9900,94.9100,94.8450,94.7750,94.7300,94.6900,94.6650,94.6325
19/02/2013,95.8900,95.7250,95.5750,95.4250,95.3050,95.1900,95.0800,94.9875,94.9100,94.8350,94.7750,94.7150,94.6800,94.6350,94.6100,94.5775
15/02/2013,95.9000,95.7350,95.5850,95.4350,95.3200,95.2050,95.1000,95.0075,94.9350,94.8600,94.8050,94.7450,94.7100,94.6650,94.6400,94.6075
14/02/2013,95.8900,95.7250,95.5750,95.4300,95.3150,95.2050,95.1000,95.0075,94.9350,94.8650,94.8150,94.7550,94.7200,94.6800,94.6600,94.6325
13/02/2013,95.9500,95.7850,95.6350,95.4900,95.3750,95.2650,95.1600,95.0675,94.9950,94.9250,94.8750,94.8150,94.7800,94.7400,94.7200,94.6925
12/02/2013,96.0400,95.8750,95.7250,95.5800,95.4650,95.3550,95.2500,95.1575,95.0850,95.0150,94.9600,94.9000,94.8600,94.8200,94.7950,94.7625
11/02/2013,95.9950,95.8300,95.6850,95.5400,95.4300,95.3250,95.2250,95.1325,95.0600,94.9950,94.9450,94.8850,94.8500,94.8150,94.7900,94.7575
08/02/2013,95.9700,95.8000,95.6450,95.4950,95.3800,95.2650,95.1700,95.0775,95.0100,94.9450,94.8950,94.8350,94.8000,94.7650,94.7400,94.7075
07/02/2013,96.0050,95.8350,95.6800,95.5300,95.4150,95.3000,95.1950,95.0975,95.0250,94.9600,94.9100,94.8500,94.8100,94.7700,94.7450,94.7125
06/02/2013,95.9350,95.7700,95.6200,95.4700,95.3600,95.2500,95.1500,95.0575,94.9850,94.9200,94.8700,94.8100,94.7750,94.7350,94.7100,94.6775
05/02/2013,95.9750,95.8050,95.6500,95.5000,95.3850,95.2750,95.1700,95.0775,95.0100,94.9450,94.8950,94.8400,94.8050,94.7650,94.7400,94.7125
04/02/2013,96.0000,95.8250,95.6650,95.5100,95.3900,95.2750,95.1650,95.0675,94.9950,94.9300,94.8800,94.8250,94.7900,94.7500,94.7250,94.6975
01/02/2013,96.0450,95.8600,95.6900,95.5250,95.3950,95.2750,95.1650,95.0675,94.9950,94.9250,94.8750,94.8200,94.7850,94.7450,94.7200,94.6925
31/01/2013,96.1300,95.9450,95.7750,95.6100,95.4850,95.3600,95.2450,95.1425,95.0700,95.0000,94.9450,94.8850,94.8450,94.8050,94.7800,94.7475
30/01/2013,96.1500,95.9600,95.7850,95.6150,95.4850,95.3600,95.2450,95.1425,95.0650,95.0000,94.9450,94.8850,94.8500,94.8100,94.7850,94.7575
